全国地方公共団体コード,ID,地方公共団体名,名称,名称_カナ,名称_英字,所在地_全国地方公共団体コード,町字ID,所在地_連結表記,所在地_都道府県,所在地_市区町村,所在地_町字,所在地_番地以下,建物名等(方書),緯度,経度,高度の種別,高度の値,設置位置,電話番号,内線番号,連絡先メールアドレス,連絡先FormURL,連絡先備考（その他、SNSなど）,郵便番号,法人番号,団体名,利用可能曜日,開始時間,終了時間,利用可能日時特記事項,小児対応設備の有無,URL,画像1,画像1_ライセンス,画像2,画像2_ライセンス,外部利用不可,備考
122033,,市川市,いちかわ観光・物産インフォメーション（旧八幡市民談話室）,ｲﾁｶﾜｶﾝｺｳ･ﾌﾞｯｻﾝｲﾝﾌｫﾒｰｼｮﾝ,,,,千葉県市川市八幡2丁目4-8,千葉県,市川市,八幡2丁目,4月8日,,35.72257083,139.9279823,,,正面玄関,(047)335-1711,,,,,,,,,,,,,http://www.city.ichikawa.lg.jp/pub01/1211000002.html,,,,,,
122033,,市川市,塩浜市民体育館,ｼｵﾊﾏｼﾐﾝﾀｲｸｶﾝ,,,,千葉県市川市塩浜4丁目9-1,千葉県,市川市,塩浜4丁目,9月1日,,35.66089245,139.9141429,,,1階ﾛﾋﾞ-,(047)398-2311,,,,,,,,,,,,,http://www.city.ichikawa.lg.jp/pub01/1211000002.html,,,,,,
122033,,市川市,地域ｹｱ南行徳第二,ﾁｲｷｹｱﾐﾅﾐｷﾞｮｳﾄｸﾀﾞｲﾆ,,,,千葉県市川市塩浜4丁目2-2-101,千葉県,市川市,塩浜4丁目,2-2-101,,35.66245927,139.9132544,,,玄関左,(047)398-8347,,,,,,,,,,,,,http://www.city.ichikawa.lg.jp/pub01/1211000002.html,,,,,,
122033,,市川市,塩浜保育園,ｼｵﾊﾏﾎｲｸｴﾝ,,,,千葉県市川市塩浜4丁目2-10-101,千葉県,市川市,塩浜4丁目,2-10-101,,35.66318308,139.9114252,,,玄関,(047)397-2628,,,,,,,,,,,,,http://www.city.ichikawa.lg.jp/pub01/1211000002.html,,,,,,
122033,,市川市,いきいきｾﾝﾀ-塩浜,ｲｷｲｷｾﾝﾀ-ｼｵﾊﾏ,,,,千葉県市川市塩浜4丁目3-1-101,千葉県,市川市,塩浜4丁目,3-1-101,ﾊｲﾀｳﾝ塩浜,35.66309961,139.9133149,,,1階玄関,(047)395-2586,,,,,,,,,,,,,http://www.city.ichikawa.lg.jp/pub01/1211000002.html,,,,,,
122033,,市川市,塩浜学園(前期課程),ｼｵﾊﾏｶﾞｸｴﾝ(ｾﾞﾝｷｶﾃｲ),,,,千葉県市川市塩浜4丁目6-1,千葉県,市川市,塩浜4丁目,6月1日,,35.66385813,139.9156376,,,玄関,(047)397-4421,,,,,,,,,,,,,http://www.city.ichikawa.lg.jp/pub01/1211000002.html,,,,,,
122033,,市川市,塩浜学園(後期課程),ｼｵﾊﾏｶﾞｸｴﾝ(ｺｳｷｶﾃｲ),,,,千葉県市川市塩浜4丁目5-1,千葉県,市川市,塩浜4丁目,5月1日,,35.66525808,139.9142762,,,玄関,(047)397-1250,,,,,,,,,,,,,http://www.city.ichikawa.lg.jp/pub01/1211000002.html,,,,,,
122033,,市川市,福栄ｽﾎﾟ-ﾂ広場,ﾌｸｴｲｽﾎﾟ-ﾂﾋﾛﾊﾞ,,,,千葉県市川市福栄4丁目32-4,千葉県,市川市,福栄4丁目,Apr-32,,35.66666259,139.9119985,,,管理棟受付横,(047)398-0606,,,,,,,,,,,,,http://www.city.ichikawa.lg.jp/pub01/1211000002.html,,,,,,
122033,,市川市,いきいきｾﾝﾀ-福栄,ｲｷｲｷｾﾝﾀ-ﾌｸｴｲ,,,,千葉県市川市福栄4丁目32-2,千葉県,市川市,福栄4丁目,Feb-32,,35.66939283,139.9106694,,,1階ﾎ-ﾙ,(047)395-6906,,,,,,,,,,,,,http://www.city.ichikawa.lg.jp/pub01/1211000002.html,,,,,,
122033,,市川市,新井地域ふれあい館,ｱﾗｲﾁｲｷﾌﾚｱﾝｶﾝ,,,,千葉県市川市新井3丁目31-1,千葉県,市川市,新井3丁目,1月31日,,35.66974838,139.8986617,,,玄関正面,(047)395-5019,,,,,,,,,,,,,http://www.city.ichikawa.lg.jp/pub01/1211000002.html,,,,,,
122033,,市川市,南行徳中学校,ﾐﾅﾐｷﾞｮｳﾄｸﾁｭｳｶﾞｯｺｳ,,,,千葉県市川市南行徳2丁目2-2,千葉県,市川市,南行徳2丁目,2月2日,,35.6709626,139.9072297,,,職員玄関,(047)397-5910,,,,,,,,,,,,,http://www.city.ichikawa.lg.jp/pub01/1211000002.html,,,,,,
122033,,市川市,富美浜小学校,ﾌﾐﾊﾏｼｮｳｶﾞｯｺｳ,,,,千葉県市川市南行徳2丁目3-1,千葉県,市川市,南行徳2丁目,3月1日,,35.67152659,139.9053257,,,校長室前,(047)396-2522,,,,,,,,,,,,,http://www.city.ichikawa.lg.jp/pub01/1211000002.html,,,,,,
122033,,市川市,南行徳保健ｾﾝﾀ-,ﾐﾅﾐｷﾞｮｳﾄｸﾎｹﾝｾﾝﾀ-,,,,千葉県市川市南行徳1丁目21-1,千葉県,市川市,南行徳1丁目,1月21日,,35.67168285,139.9014293,,,事務室内,(047)359-8785,,,,,,,,,,,,,http://www.city.ichikawa.lg.jp/pub01/1211000002.html,,,,,,
122033,,市川市,南行徳市民ｾﾝﾀ-,ﾐﾅﾐｷﾞｮｳﾄｸｼﾐﾝｾﾝﾀ-,,,,千葉県市川市南行徳1丁目21-1,千葉県,市川市,南行徳1丁目,1月21日,,35.67157919,139.9012819,,,正面玄関,(047)359-7891,,,,,,,,,,,,,http://www.city.ichikawa.lg.jp/pub01/1211000002.html,,,,,,
122033,,市川市,福栄小学校,ﾌｸｴｲｼｮｳｶﾞｯｺｳ,,,,千葉県市川市南行徳2丁目2-1,千葉県,市川市,南行徳2丁目,2月1日,,35.67188268,139.9070968,,,市民図書室前廊下,(047)397-8115,,,,,,,,,,,,,http://www.city.ichikawa.lg.jp/pub01/1211000002.html,,,,,,
122033,,市川市,福栄中学校,ﾌｸｴﾁｭｳｶﾞｯｺｳ,,,,千葉県市川市福栄3丁目4-1,千葉県,市川市,福栄3丁目,4月1日,,35.67381073,139.910022,,,職員玄関,(047)396-0701,,,,,,,,,,,,,http://www.city.ichikawa.lg.jp/pub01/1211000002.html,,,,,,
122033,,市川市,南新浜小学校,ﾐﾅﾐﾆｲﾊﾏｼｮｳｶﾞｯｺｳ,,,,千葉県市川市新浜1丁目26-1,千葉県,市川市,新浜1丁目,1月26日,,35.67459572,139.916584,,,玄関正面,(047)396-9731,,,,,,,,,,,,,http://www.city.ichikawa.lg.jp/pub01/1211000002.html,,,,,,
122033,,市川市,新井小学校,ｱﾗｲｼｮｳｶﾞｯｺｳ,,,,千葉県市川市新井1丁目18-13,千葉県,市川市,新井1丁目,18-13,,35.67395687,139.8905462,,,1階昇降口,(047)357-1722,,,,,,,,,,,,,http://www.city.ichikawa.lg.jp/pub01/1211000002.html,,,,,,
122033,,市川市,富美浜地域ふれあい館,ﾌﾐﾊﾏﾁｲｷﾌﾚｱｲｶﾝ,,,,千葉県市川市欠真間2丁目31-5,千葉県,市川市,欠真間2丁目,5月31日,,35.6753644,139.9054193,,,玄関正面,(047)356-5844,,,,,,,,,,,,,http://www.city.ichikawa.lg.jp/pub01/1211000002.html,,,,,,
122033,,市川市,いきいきｾﾝﾀ-日之出,ｲｷｲｷｾﾝﾀ-ﾋﾉﾃﾞ,,,,千葉県市川市日之出8-18,千葉県,市川市,日之出,8月18日,,35.67809408,139.9236631,,,1階玄関,(047)397-8221,,,,,,,,,,,,,http://www.city.ichikawa.lg.jp/pub01/1211000002.html,,,,,,
122033,,市川市,行徳保育園,ｷﾞｮｳﾄｸﾎｲｸｴﾝ,,,,千葉県市川市行徳駅前4丁目22-17,千葉県,市川市,行徳駅前4丁目,22-17,,35.67848775,139.9136851,,,事務室,(047)395-4843,,,,,,,,,,,,,http://www.city.ichikawa.lg.jp/pub01/1211000002.html,,,,,,
122033,,市川市,広尾防災公園,ﾋﾛｵﾎﾞｳｻｲｺｳｴﾝ,,,,千葉県市川市広尾2丁目3,千葉県,市川市,広尾2丁目,3,,35.6787706,139.8893155,,,事務所内,(047)359-0155,,,,,,,,,,,,,http://www.city.ichikawa.lg.jp/pub01/1211000002.html,,,,,,
122033,,市川市,香取地域ふれあい館,ｶﾝﾄﾞﾘﾁｲｷﾌﾚｱｲｶﾝ,,,,千葉県市川市香取2丁目19-1,千葉県,市川市,香取2丁目,1月19日,,35.67914621,139.9100237,,,玄関正面,(047)358-3854,,,,,,,,,,,,,http://www.city.ichikawa.lg.jp/pub01/1211000002.html,,,,,,
122033,,市川市,南行徳幼稚園,ﾐﾅﾐｷﾞｮｳﾄｸﾖｳﾁｴﾝ,,,,千葉県市川市欠真間1丁目6-15,千葉県,市川市,欠真間1丁目,6月15日,,35.67953437,139.9007403,,,職員玄関入口,(047)358-5333,,,,,,,,,,,,,http://www.city.ichikawa.lg.jp/pub01/1211000002.html,,,,,,
122033,,市川市,市川市南消防署,ｲﾁｶﾜｼﾐﾅﾐｼｮｳﾎﾞｳｼｮ,,,,千葉県市川市行徳駅前4丁目6-19,千葉県,市川市,行徳駅前4丁目,6月19日,,35.67958484,139.9151399,,,1階受付,(047)397-0119,,,,,,,,,,,,,http://www.city.ichikawa.lg.jp/pub01/1211000002.html,,,,,,
122033,,市川市,香取保育園,ｶﾝﾄﾞﾘﾎｲｸｴﾝ,,,,千葉県市川市香取2丁目6-25,千葉県,市川市,香取2丁目,6月25日,,35.67962661,139.9091528,,,玄関ホール,(047)357-4191,,,,,,,,,,,,,http://www.city.ichikawa.lg.jp/pub01/1211000002.html,,,,,,
122033,,市川市,市川市南消防署広尾出張所,ｲﾁｶﾜｼﾐﾅﾐｼｮｳﾎﾞｳｼｮﾋﾛｵｼｭｯﾁｮｳｼﾞｮ,,,,千葉県市川市広尾2丁目2-12,千葉県,市川市,広尾2丁目,2月12日,,35.67976465,139.890571,,,1階受付,(047)306-0119,,,,,,,,,,,,,http://www.city.ichikawa.lg.jp/pub01/1211000002.html,,,,,,
122033,,市川市,新浜小学校,ﾆｲﾊﾏｼｮｳｶﾞｯｺｳ,,,,千葉県市川市行徳駅前4丁目5-1,千葉県,市川市,行徳駅前4丁目,5月1日,,35.68002287,139.9163037,,,職員室前,(047)395-5331,,,,,,,,,,,,,http://www.city.ichikawa.lg.jp/pub01/1211000002.html,,,,,,
122033,,市川市,南行徳公民館,ﾐﾅﾐｷﾞｮｳﾄｸｺｳﾐﾝｶﾝ,,,,千葉県市川市相之川1丁目3-7,千葉県,市川市,相之川1丁目,3月7日,,35.68023121,139.8991092,,,正面玄関,(047)356-7371,,,,,,,,,,,,,http://www.city.ichikawa.lg.jp/pub01/1211000002.html,,,,,,
122033,,市川市,幸公民館,ｻｲﾜｲｺｳﾐﾝｶﾝ,,,,千葉県市川市幸1丁目16-18,千葉県,市川市,幸1丁目,16-18,,35.68033567,139.9278491,,,玄関,(047)398-0481,,,,,,,,,,,,,http://www.city.ichikawa.lg.jp/pub01/1211000002.html,,,,,,
122033,,市川市,南行徳小学校,ﾐﾅﾐｷﾞｮｳﾄｸｼｮｳｶﾞｯｺｳ,,,,千葉県市川市欠真間1丁目6-38,千葉県,市川市,欠真間1丁目,6-38,,35.68048109,139.9013056,,,職員室前,(047)357-3126,,,,,,,,,,,,,http://www.city.ichikawa.lg.jp/pub01/1211000002.html,,,,,,
122033,,市川市,南行徳図書館,ﾐﾅﾐｷﾞｮｳﾄｸﾄｼｮｶﾝ,,,,千葉県市川市相之川1丁目2-4,千葉県,市川市,相之川1丁目,2月4日,,35.68086077,139.8999034,,,1階カウンター内,(047)357-4188,,,,,,,,,,,,,http://www.city.ichikawa.lg.jp/pub01/1211000002.html,,,,,,
122033,,市川市,幸小学校,ｻｲﾜｲｼｮｳｶﾞｯｺｳ,,,,千葉県市川市幸1丁目11-1,千葉県,市川市,幸1丁目,11月1日,,35.68102148,139.9298989,,,1階保健室前,(047)346-0770,,,,,,,,,,,,,http://www.city.ichikawa.lg.jp/pub01/1211000002.html,,,,,,
122033,,市川市,市川市南行徳地域共生センター,ｲﾁｶﾜｼﾐﾅﾐｷﾞｮｳﾄｸﾁｲｷｷｮｳｾｲｾﾝﾀｰ,,,,千葉県市川市香取1丁目17-18,千葉県,市川市,香取1丁目,17-18,,35.68226973,139.9032718,,,1階玄関,(047)357-1104,,,,,,,,,,,,,http://www.city.ichikawa.lg.jp/pub01/1211000002.html,,,,,,
122033,,市川市,塩焼小学校,ｼｵﾔｷｼｮｳｶﾞｯｺｳ,,,,千葉県市川市塩焼5丁目9-8,千葉県,市川市,塩焼5丁目,9月8日,,35.68402829,139.9302299,,,事務室前,(047)397-1231,,,,,,,,,,,,,http://www.city.ichikawa.lg.jp/pub01/1211000002.html,,,,,,
122033,,市川市,市川市東消防署高谷出張所,ｲﾁｶﾜｼﾋｶﾞｼｼｮｳﾎﾞｳｼｮｺｳﾔｼｭｯﾁｮｳｼｮ,,,,千葉県市川市高谷2023-10,千葉県,市川市,高谷,Oct-23,,35.68502068,139.9496456,,,1階受付,(047)327-0119,,,,,,,,,,,,,http://www.city.ichikawa.lg.jp/pub01/1211000002.html,,,,,,
122033,,市川市,塩焼幼稚園,ｼｵﾔｷﾖｳﾁｴﾝ,,,,千葉県市川市塩焼5丁目9-1,千葉県,市川市,塩焼5丁目,9月1日,,35.68490998,139.9297248,,,職員室入口,(047)397-3857,,,,,,,,,,,,,http://www.city.ichikawa.lg.jp/pub01/1211000002.html,,,,,,
122033,,市川市,湊地域ふれあい館,ﾐﾅﾄﾁｲｷﾌﾚｱｲｶﾝ,,,,千葉県市川市湊11-18,千葉県,市川市,湊,11月18日,,35.68504181,139.9101522,,,玄関正面,(047)357-9864,,,,,,,,,,,,,http://www.city.ichikawa.lg.jp/pub01/1211000002.html,,,,,,
122033,,市川市,行徳図書館,ｷﾞｮｳﾄｸﾄｼｮｶﾝ,,,,千葉県市川市末広1丁目1-31,千葉県,市川市,末広1丁目,1月31日,,35.68527961,139.9167271,,,2階入口脇,(047)358-9011,,,,,,,,,,,,,http://www.city.ichikawa.lg.jp/pub01/1211000002.html,,,,,,
122033,,市川市,塩焼第2保育園,ｼｵﾔｸﾀﾞｲﾆﾎｲｸｴﾝ,,,,千葉県市川市塩焼3丁目11-15,千葉県,市川市,塩焼3丁目,11月15日,,35.68534785,139.9245812,,,玄関ホール,(047)395-5176,,,,,,,,,,,,,http://www.city.ichikawa.lg.jp/pub01/1211000002.html,,,,,,
122033,,市川市,行徳支所,ｷﾞｮｳﾄｸｼｼｮ,,,,千葉県市川市末広1丁目1-31,千葉県,市川市,末広1丁目,1月31日,,35.68571235,139.9163707,,,公民館入口,(047)359-1114,,,,,,,,,,,,,http://www.city.ichikawa.lg.jp/pub01/1211000002.html,,,,,,
122033,,市川市,行徳文化ﾎ-ﾙI&I,ｷﾞｮｳﾄｸﾌﾞﾝｶﾎ-ﾙｱｲｱﾝﾄﾞｱｲ,,,,千葉県市川市末広1丁目1-48,千葉県,市川市,末広1丁目,1-48,,35.68612101,139.9165716,,,1階ﾛﾋﾞ-,(047)701-3011,,,,,,,,,,,,,http://www.city.ichikawa.lg.jp/pub01/1211000002.html,,,,,,
122033,,市川市,第七中学校,ﾀﾞｲﾅﾅﾁｭｳｶﾞｯｺｳ,,,,千葉県市川市末広1丁目1-48,千葉県,市川市,末広1丁目,1-48,,35.68651524,139.9172473,,,来客者用玄関,(047)357-3183,,,,,,,,,,,,,http://www.city.ichikawa.lg.jp/pub01/1211000002.html,,,,,,
122033,,市川市,妙典中学校,ﾐｮｳﾃﾞﾝﾁｭｳｶﾞｯｺｳ,,,,千葉県市川市妙典5丁目22-1,千葉県,市川市,妙典5丁目,1月22日,,35.68811628,139.9337075,,,職員室前,(047)395-5811,,,,,,,,,,,,,http://www.city.ichikawa.lg.jp/pub01/1211000002.html,,,,,,
122033,,市川市,塩焼保育園,ｼｵﾔｷﾎｲｸｴﾝ,,,,千葉県市川市塩焼2丁目2-5,千葉県,市川市,塩焼2丁目,2月5日,,35.68829506,139.9265158,,,玄関ホール,(047)396-0169,,,,,,,,,,,,,http://www.city.ichikawa.lg.jp/pub01/1211000002.html,,,,,,
122033,,市川市,ｸﾘ-ﾝｾﾝﾀ-,ｸﾘ-ﾝｾﾝﾀ-,,,,千葉県市川市田尻1003,千葉県,市川市,田尻,1003,,35.6882975,139.942846,,,中央制御室内,(047)327-0288,,,,,,,,,,,,,http://www.city.ichikawa.lg.jp/pub01/1211000002.html,,,,,,
122033,,市川市,行徳地域ふれあい館,ｷﾞｮｳﾄｸﾁｲｷﾌﾚｱｲｶﾝ,,,,千葉県市川市富浜2丁目5-19,千葉県,市川市,富浜2丁目,5月19日,,35.68884855,139.9216715,,,玄関正面,(047)357-3276,,,,,,,,,,,,,http://www.city.ichikawa.lg.jp/pub01/1211000002.html,,,,,,
122033,,市川市,行徳小学校,ｷﾞｮｳﾄｸｼｮｳｶﾞｯｺｳ,,,,千葉県市川市富浜1丁目1-40,千葉県,市川市,富浜1丁目,1-40,,35.69279817,139.9237401,,,職員玄関,(047)357-3116,,,,,,,,,,,,,http://www.city.ichikawa.lg.jp/pub01/1211000002.html,,,,,,
122033,,市川市,市川市南消防署行徳出張所,ｲﾁｶﾜｼﾐﾅﾐｼｮｳﾎﾞｳｼｮｷﾞｮｳﾄｸｼｭｯﾁｮｳｼﾞｮ,,,,千葉県市川市本行徳12-10,千葉県,市川市,本行徳,12月10日,,35.6942926,139.9181406,,,1階受付,(047)356-0119,,,,,,,,,,,,,http://www.city.ichikawa.lg.jp/pub01/1211000002.html,,,,,,
122033,,市川市,本行徳公民館,ﾎﾝｷﾞｮｳﾄｸｺｳﾐﾝｶﾝ,,,,千葉県市川市本行徳12-8,千葉県,市川市,本行徳,12月8日,,35.69454942,139.9182866,,,1階ｴﾚﾍﾞ-ﾀ-横,(047)359-1351,,,,,,,,,,,,,http://www.city.ichikawa.lg.jp/pub01/1211000002.html,,,,,,
122033,,市川市,高谷中学校,ｺｳﾔﾁｭｳｶﾞｯｺｳ,,,,千葉県市川市高谷1627-4,千葉県,市川市,高谷,1627-4,,35.6947412,139.9453145,,,職員室前,(047)328-0211,,,,,,,,,,,,,http://www.city.ichikawa.lg.jp/pub01/1211000002.html,,,,,,
122033,,市川市,妙典小学校,ﾐｮｳﾃﾞﾝｼｮｳｶﾞｯｺｳ,,,,千葉県市川市妙典2丁目14-2,千葉県,市川市,妙典2丁目,2月14日,,35.69616519,139.9298327,,,江戸川側（ピンクドア）玄関脇,(047)399-5891,,,,,,,,,,,,,http://www.city.ichikawa.lg.jp/pub01/1211000002.html,,,,,,
122033,,市川市,身体障がい者福祉ｾﾝﾀ-,ｼﾝﾀｲｼｮｳｶﾞｲｼｬﾌｸｼｾﾝﾀ-,,,,千葉県市川市本行徳1-5,千葉県,市川市,本行徳,1月5日,,35.6962148,139.9193014,,,事務室カウンター,(047)357-9165,,,,,,,,,,,,,http://www.city.ichikawa.lg.jp/pub01/1211000002.html,,,,,,
122033,,市川市,二俣小学校,ﾌﾀﾏﾀｼｮｳｶﾞｯｺｳ,,,,千葉県市川市二俣678,千葉県,市川市,二俣,678,,35.69696469,139.9566022,,,玄関正面,(047)328-0105,,,,,,,,,,,,,http://www.city.ichikawa.lg.jp/pub01/1211000002.html,,,,,,
122033,,市川市,信篤小学校,ｼﾝﾄｸｼｮｳｶﾞｯｺｳ,,,,千葉県市川市原木2丁目16-1,千葉県,市川市,原木2丁目,1月16日,,35.69815584,139.9437047,,,職員室前,(047)328-0165,,,,,,,,,,,,,http://www.city.ichikawa.lg.jp/pub01/1211000002.html,,,,,,
122033,,市川市,信篤市民体育館,ｼﾝﾄｸｼﾐﾝﾀｲｸｶﾝ,,,,千葉県市川市高谷1丁目8-2,千葉県,市川市,高谷1丁目,8月2日,,35.70169648,139.9422535,,,正面玄関,(047)327-6336,,,,,,,,,,,,,http://www.city.ichikawa.lg.jp/pub01/1211000002.html,,,,,,
122033,,市川市,信篤公民館,ｼﾝﾄｸｺｳﾐﾝｶﾝ,,,,千葉県市川市高谷1丁目8-1,千葉県,市川市,高谷1丁目,8月1日,,35.70171451,139.9418168,,,公民館事務室,(047)327-6807,,,,,,,,,,,,,http://www.city.ichikawa.lg.jp/pub01/1211000002.html,,,,,,
122033,,市川市,いきいきｾﾝﾀ-田尻,ｲｷｲｷｾﾝﾀ-ﾀｼﾞﾘ,,,,千葉県市川市田尻4丁目13-3,千葉県,市川市,田尻4丁目,3月13日,,35.70332935,139.9344241,,,1階玄関,(047)379-8631,,,,,,,,,,,,,http://www.city.ichikawa.lg.jp/pub01/1211000002.html,,,,,,
122033,,市川市,第六中学校,ﾀﾞｲﾛｸﾁｭｳｶﾞｯｺｳ,,,,千葉県市川市鬼高3丁目16-1,千葉県,市川市,鬼高3丁目,1月16日,,35.71085001,139.9360018,,,職員室前,(047)370-0535,,,,,,,,,,,,,http://www.city.ichikawa.lg.jp/pub01/1211000002.html,,,,,,
122033,,市川市,こども発達ｾﾝﾀ-分館,ｺﾄﾞﾓﾊｯﾀﾂｾﾝﾀ-ﾌﾞﾝｶﾝ,,,,千葉県市川市稲荷木1丁目14-1,千葉県,市川市,稲荷木1丁目,1月14日,,35.71183109,139.9208549,,,玄関ロビー,(047)712-6555,,,,,,,,,,,,,http://www.city.ichikawa.lg.jp/pub01/1211000002.html,,,,,,
122033,,市川市,鬼高保育園,ｵﾆﾀｶﾎｲｸｴﾝ,,,,千葉県市川市鬼高1丁目11-20,千葉県,市川市,鬼高1丁目,11月20日,,35.71149149,139.932224,,,事務室,(047)378-8186,,,,,,,,,,,,,http://www.city.ichikawa.lg.jp/pub01/1211000002.html,,,,,,
122033,,市川市,稲荷木保育園,ﾄｳｶｷﾞﾎｲｸｴﾝ,,,,千葉県市川市稲荷木1丁目26-16,千葉県,市川市,稲荷木1丁目,26-16,,35.71168472,139.9246435,,,事務室,(047)377-5070,,,,,,,,,,,,,http://www.city.ichikawa.lg.jp/pub01/1211000002.html,,,,,,
122033,,市川市,稲荷木小学校,ﾄｳｶｷﾞｼｮｳｶﾞｯｺｳ,,,,千葉県市川市稲荷木1丁目14-1,千葉県,市川市,稲荷木1丁目,1月14日,,35.71159763,139.9217963,,,職員玄関,(047)376-5961,,,,,,,,,,,,,http://www.city.ichikawa.lg.jp/pub01/1211000002.html,,,,,,
122033,,市川市,鬼高公民館,ｵﾆﾀｶｺｳﾐﾝｶﾝ,,,,千葉県市川市鬼高2丁目12-23,千葉県,市川市,鬼高2丁目,12月23日,,35.7132421,139.9388062,,,事務室横,(047)334-2612,,,,,,,,,,,,,http://www.city.ichikawa.lg.jp/pub01/1211000002.html,,,,,,
122033,,市川市,勤労福祉ｾﾝﾀ-,ｷﾝﾛｳﾌｸｼｾﾝﾀ-,,,,千葉県市川市南八幡2丁目20-1,千葉県,市川市,南八幡2丁目,1月20日,,35.71375603,139.9273655,,,玄関正面横,(047)370-5201,,,,,,,,,,,,,http://www.city.ichikawa.lg.jp/pub01/1211000002.html,,,,,,
122033,,市川市,鬼高小学校,ｵﾆﾀｶｼｮｳｶﾞｯｺｳ,,,,千葉県市川市鬼高2丁目13-5,千葉県,市川市,鬼高2丁目,5月13日,,35.7139329,139.9376006,,,職員室前,(047)335-0304,,,,,,,,,,,,,http://www.city.ichikawa.lg.jp/pub01/1211000002.html,,,,,,
122033,,市川市,生涯学習ｾﾝﾀ- ﾒﾃﾞィｱﾊﾟ-ｸ市川,ｼｮｳｶﾞｲｶﾞｸｼｭｳｾﾝﾀ-ﾒﾃﾞｨｱﾊﾟ-ｸｲﾁｶﾜ,,,,千葉県市川市鬼高1丁目1-4,千葉県,市川市,鬼高1丁目,1月4日,,35.71565347,139.932073,,,教育ｾﾝﾀ-受付･生涯学習センター1階ロビー,(047)320-3335,,,,,,,,,,,,,http://www.city.ichikawa.lg.jp/pub01/1211000002.html,,,,,,
122033,,市川市,鬼越・鬼高地域ふれあい館,ｵﾆｺﾞｴｵﾆﾀｶﾁｲｷﾌﾚｱｲｶﾝ,,,,千葉県市川市鬼越2丁目15-10,千葉県,市川市,鬼越2丁目,10月15日,,35.71650735,139.9381205,,,玄関正面,(047)335-9838,,,,,,,,,,,,,http://www.city.ichikawa.lg.jp/pub01/1211000002.html,,,,,,
122033,,市川市,文化会館,ﾌﾞﾝｶｶｲｶﾝ,,,,千葉県市川市大和田1丁目1-5,千葉県,市川市,大和田1丁目,1月5日,,35.7168087,139.9210079,,,事務室・大ホール楽屋通路,(047)379-5111,,,,,,,,,,,,,http://www.city.ichikawa.lg.jp/pub01/1211000002.html,,,,,,
122033,,市川市,中山窓口連絡所,ﾅｶﾔﾏﾏﾄﾞｸﾞﾁﾚﾝﾗｸｼﾞｮ,,,,千葉県市川市中山4丁目14-1,千葉県,市川市,中山4丁目,1月14日,,35.71727681,139.9459231,,,1階執務室内,(047)332-6661,,,,,,,,,,,,,http://www.city.ichikawa.lg.jp/pub01/1211000002.html,,,,,,
122033,,市川市,清華園,ｾｲｶｴﾝ,,,,千葉県市川市中山4丁目14-1,千葉県,市川市,中山4丁目,1月14日,,35.71719924,139.9459885,,,正面玄関脇,(047)333-6147,,,,,,,,,,,,,http://www.city.ichikawa.lg.jp/pub01/1211000002.html,,,,,,
122033,,市川市,大和田小学校,ｵｵﾜﾀﾞｼｮｳｶﾞｯｺｳ,,,,千葉県市川市大和田1丁目1-3,千葉県,市川市,大和田1丁目,1月3日,,35.71766999,139.9216572,,,職員室前,(047)378-5001,,,,,,,,,,,,,http://www.city.ichikawa.lg.jp/pub01/1211000002.html,,,,,,
122033,,市川市,保健ｾﾝﾀ-,ﾎｹﾝｾﾝﾀ-,,,,千葉県市川市南八幡4丁目18-8,千葉県,市川市,南八幡4丁目,8月18日,,35.71741023,139.9239765,,,玄関（風除室）,(047)377-4511,,,,,,,,,,,,,http://www.city.ichikawa.lg.jp/pub01/1211000002.html,,,,,,
122033,,市川市,市川市西消防署大洲出張所,ｲﾁｶﾜｼﾆｼﾞｼｼｮｳﾎﾞｳｼｮｵｵｽｼｭｯﾁｮｳｼﾞｮ,,,,千葉県市川市大洲1丁目18-1,千葉県,市川市,大洲1丁目,1月18日,,35.71785499,139.9108748,,,1階受付,(047)376-0119,,,,,,,,,,,,,http://www.city.ichikawa.lg.jp/pub01/1211000002.html,,,,,,
122033,,市川市,鶴指小学校,ﾂﾙｻｼｼｮｳｶﾞｯｺｳ,,,,千葉県市川市大和田4丁目11-1,千葉県,市川市,大和田4丁目,11月1日,,35.71813496,139.9157266,,,職員室前,(047)379-3588,,,,,,,,,,,,,http://www.city.ichikawa.lg.jp/pub01/1211000002.html,,,,,,
122033,,市川市,急病診療所,ｷｭｳﾋﾞｮｳｼﾝﾘｮｳｼｮ,,,,千葉県市川市大洲1丁目18-1,千葉県,市川市,大洲1丁目,1月18日,,35.71802366,139.9109634,,,1階受付,(047)377-1222,,,,,,,,,,,,,http://www.city.ichikawa.lg.jp/pub01/1211000002.html,,,,,,
122033,,市川市,八幡地域ふれあい館,ﾔﾜﾀﾁｲｷﾌﾚｱｲｶﾝ,,,,千葉県市川市八幡1丁目21-10,千葉県,市川市,八幡1丁目,10月21日,,35.71886181,139.9323711,,,玄関正面,(047)332-5538,,,,,,,,,,,,,http://www.city.ichikawa.lg.jp/pub01/1211000002.html,,,,,,
122033,,市川市,勤労福祉ｾﾝﾀ-分館,ｷﾝﾛｳﾌｸｼｾﾝﾀ-ﾌﾞﾝｶﾝ,,,,千葉県市川市南八幡5丁目20-3,千葉県,市川市,南八幡5丁目,3月20日,,35.71883625,139.9211129,,,玄関,(047)370-1357,,,,,,,,,,,,,http://www.city.ichikawa.lg.jp/pub01/1211000002.html,,,,,,
122033,,市川市,第八中学校,ﾀﾞｲﾊﾁﾁｭｳｶﾞｯｺｳ,,,,千葉県市川市大和田4丁目9-1,千葉県,市川市,大和田4丁目,9月1日,,35.71914786,139.9149047,,,保健室前,(047)370-1394,,,,,,,,,,,,,http://www.city.ichikawa.lg.jp/pub01/1211000002.html,,,,,,
122033,,市川市,市川市消防局,ｲﾁｶﾜｼｼｮｳﾎﾞｳｷｮｸ,,,,千葉県市川市八幡1丁目8-1,千葉県,市川市,八幡1丁目,8月1日,,35.71942036,139.9347577,,,3階執務室,(047)333-2111,,,,,,,,,,,,,http://www.city.ichikawa.lg.jp/pub01/1211000002.html,,,,,,
122033,,市川市,市川市東消防署,ｲﾁｶﾜｼﾋｶﾞｼｼｮｳﾎﾞｳｼｮ,,,,千葉県市川市八幡1丁目8-1,千葉県,市川市,八幡1丁目,8月1日,,35.71949296,139.9346375,,,1階受付,(047)334-0119,,,,,,,,,,,,,http://www.city.ichikawa.lg.jp/pub01/1211000002.html,,,,,,
122033,,市川市,いきいきｾﾝﾀ-鬼越,ｲｷｲｷｾﾝﾀ-ｵﾆｺﾞｴ,,,,千葉県市川市鬼越1丁目25-3,千葉県,市川市,鬼越1丁目,3月25日,,35.72028446,139.938658,,,1階廊下,(047)335-5779,,,,,,,,,,,,,http://www.city.ichikawa.lg.jp/pub01/1211000002.html,,,,,,
122033,,市川市,いちかわ情報ﾌﾟﾗｻﾞ,ｲﾁｶﾜｼﾞｮｳﾎｳﾌﾟﾗｻﾞ,,,,千葉県市川市南八幡4丁目2-5-201,千葉県,市川市,南八幡4丁目,2-5-201,,35.7205862,139.9265163,,,2階総務課統計班入口,(047)318-9188,,,,,,,,,,,,,http://www.city.ichikawa.lg.jp/pub01/1211000002.html,,,,,,
122033,,市川市,大洲幼稚園,ｵｵｽﾖｳﾁｴﾝ,,,,千葉県市川市大洲4丁目3-12,千葉県,市川市,大洲4丁目,3月12日,,35.72102304,139.9096416,,,職員玄関,(047)370-3648,,,,,,,,,,,,,http://www.city.ichikawa.lg.jp/pub01/1211000002.html,,,,,,
122033,,市川市,大洲中学校,ｵｵｽﾁｭｳｶﾞｯｺｳ,,,,千葉県市川市大洲4丁目21-5,千葉県,市川市,大洲4丁目,5月21日,,35.72134386,139.9077712,,,事務室前,(047)378-5783,,,,,,,,,,,,,http://www.city.ichikawa.lg.jp/pub01/1211000002.html,,,,,,
122033,,市川市,中山小学校,ﾅｶﾔﾏｼｮｳｶﾞｯｺｳ,,,,千葉県市川市中山1丁目1-5,千葉県,市川市,中山1丁目,1月5日,,35.72151493,139.9438959,,,事務室前廊下,(047)335-2711,,,,,,,,,,,,,http://www.city.ichikawa.lg.jp/pub01/1211000002.html,,,,,,
122033,,市川市,市役所第二庁舎,ｼﾔｸｼｮﾀﾞｲﾆﾁｮｳｼｬ,,,,千葉県市川市南八幡2丁目20-2,千葉県,市川市,南八幡2丁目,2月20日,,35.7136079,139.9280099,,,総合受付横,(047)712-8647,,,,,,,,,,,,,http://www.city.ichikawa.lg.jp/pub01/1211000002.html,,,,,,
122033,,市川市,第四中学校,ﾀﾞｲﾖﾝﾁｭｳｶﾞｯｺｳ,,,,千葉県市川市中山1丁目11-1,千葉県,市川市,中山1丁目,11月1日,,35.72202753,139.9458313,,,1階情報ｺ-ﾅ-,(047)335-3431,,,,,,,,,,,,,http://www.city.ichikawa.lg.jp/pub01/1211000002.html,,,,,,
122033,,市川市,本八幡地域ふれあい館,ﾓﾄﾔﾜﾀﾁｲｷﾌﾚｱｲｶﾝ,,,,千葉県市川市八幡3丁目7-9,千葉県,市川市,八幡3丁目,7月9日,,35.72208414,139.9245948,,,玄関正面,(047)326-2452,,,,,,,,,,,,,http://www.city.ichikawa.lg.jp/pub01/1211000002.html,,,,,,
122033,,市川市,市川市分庁舎C棟（地域共生課）,ｲﾁｶﾜｼﾌﾞﾝﾁｮｳｼｬｼｰﾄｳ,,,,千葉県市川市東大和田1丁目2-10,千葉県,市川市,東大和田1丁目,2月10日,,35.71407165,139.9268921,,,２階通路左手事務室,(047)383-9568,,,,,,,,,,,,,http://www.city.ichikawa.lg.jp/pub01/1211000002.html,,,,,,
122033,,市川市,若宮公民館,ﾜｶﾐﾔｺｳﾐﾝｶﾝ,,,,千葉県市川市若宮2丁目15-8,千葉県,市川市,若宮2丁目,8月15日,,35.72246126,139.9557345,,,玄関ロビー,(047)336-7958,,,,,,,,,,,,,http://www.city.ichikawa.lg.jp/pub01/1211000002.html,,,,,,
122033,,市川市,東山魁夷記念館,ﾋｶﾞｼﾔﾏｶｲｲｷﾈﾝｶﾝ,,,,千葉県市川市中山1丁目16-2,千葉県,市川市,中山1丁目,2月16日,,35.7228525,139.9464463,,,階段踊り場,(047)333-2011,,,,,,,,,,,,,http://www.city.ichikawa.lg.jp/pub01/1211000002.html,,,,,,
122033,,市川市,新田保育園,ｼﾝﾃﾞﾝﾎｲｸｴﾝ,,,,千葉県市川市新田3丁目21-1,千葉県,市川市,新田3丁目,1月21日,,35.72355146,139.9118523,,,玄関,(047)370-4557,,,,,,,,,,,,,http://www.city.ichikawa.lg.jp/pub01/1211000002.html,,,,,,
122033,,市川市,八幡市民会館(全日警ﾎｰﾙ),ﾔﾜﾀｼﾐﾝｶｲｶﾝ(ｾﾞﾝﾆｯｹｲﾎｰﾙ),,,,千葉県市川市八幡4丁目2-1,千葉県,市川市,八幡4丁目,2月1日,,35.72410552,139.9307588,,,1階正面玄関脇、エレベーター前,(047)300-8020,,,,,,,,,,,,,http://www.city.ichikawa.lg.jp/pub01/1211000002.html,,,,,,
122033,,市川市,大洲小学校,ｵｵｽｼｮｳｶﾞｯｺｳ,,,,千葉県市川市大洲4丁目18-1,千葉県,市川市,大洲4丁目,1月18日,,35.72346079,139.9068888,,,保健室前,(047)370-0300,,,,,,,,,,,,,http://www.city.ichikawa.lg.jp/pub01/1211000002.html,,,,,,
122033,,市川市,平田小学校,ﾋﾗﾀｼｮｳｶﾞｯｺｳ,,,,千葉県市川市平田3丁目28-1,千葉県,市川市,平田3丁目,1月28日,,35.72422237,139.9181703,,,保健室脇,(047)379-6761,,,,,,,,,,,,,http://www.city.ichikawa.lg.jp/pub01/1211000002.html,,,,,,
122033,,市川市,若宮保育園,ﾜｶﾐﾔﾎｲｸｴﾝ,,,,千葉県市川市若宮3丁目7-6,千葉県,市川市,若宮3丁目,7月6日,,35.7242771,139.951727,,,玄関,(047)334-2115,,,,,,,,,,,,,http://www.city.ichikawa.lg.jp/pub01/1211000002.html,,,,,,
122033,,市川市,市川市東消防署中山出張所,ｲﾁｶﾜｼﾋｶﾞｼｼｮｳﾎﾞｳｼｮﾅｶﾔﾏｼｭｯﾁｮｳｼﾞｮ,,,,千葉県市川市北方3丁目10-11,千葉県,市川市,北方3丁目,10月11日,,35.72442533,139.9476466,,,1階受付,(047)332-0119,,,,,,,,,,,,,http://www.city.ichikawa.lg.jp/pub01/1211000002.html,,,,,,
122033,,市川市,平田図書室,ﾋﾗﾀﾄｼｮｼﾂ,,,,千葉県市川市平田1丁目20-16,千葉県,市川市,平田1丁目,20-16,,35.72466999,139.9196381,,,貸出カウンター内,(047)321-2243,,,,,,,,,,,,,http://www.city.ichikawa.lg.jp/pub01/1211000002.html,,,,,,
122033,,市川市,平田保育園,ﾋﾗﾀﾎｲｸｴﾝ,,,,千葉県市川市平田1丁目20-16,千葉県,市川市,平田1丁目,20-16,,35.72475118,139.919499,,,玄関,(047)324-1311,,,,,,,,,,,,,http://www.city.ichikawa.lg.jp/pub01/1211000002.html,,,,,,
122033,,市川市,平田地域ふれあい館,ﾋﾗﾀﾁｲｷﾌﾚｱｲｶﾝ,,,,千葉県市川市平田2丁目16-7,千葉県,市川市,平田2丁目,7月16日,,35.72481459,139.918123,,,玄関正面,(047)322-4467,,,,,,,,,,,,,http://www.city.ichikawa.lg.jp/pub01/1211000002.html,,,,,,
122033,,市川市,新田第2保育園,ｼﾝﾃﾞﾝﾀﾞｲﾆﾎｲｸｴﾝ,,,,千葉県市川市新田2丁目1-24,千葉県,市川市,新田2丁目,1月24日,,35.72529652,139.9163785,,,玄関,(047)376-9036,,,,,,,,,,,,,http://www.city.ichikawa.lg.jp/pub01/1211000002.html,,,,,,
122033,,市川市,いきいきｾﾝﾀ-北方,ｲｷｲｷｾﾝﾀ-ｷﾀｶﾀ,,,,千葉県市川市北方2丁目29-19,千葉県,市川市,北方2丁目,29-19,,35.72540444,139.9410554,,,1階受付正面,(047)332-3846,,,,,,,,,,,,,http://www.city.ichikawa.lg.jp/pub01/1211000002.html,,,,,,
122033,,市川市,八幡小学校,ﾔﾜﾀｼｮｳｶﾞｯｺｳ,,,,千葉県市川市八幡3丁目24-1,千葉県,市川市,八幡3丁目,1月24日,,35.72568684,139.9280701,,,校長室前,(047)325-4763,,,,,,,,,,,,,http://www.city.ichikawa.lg.jp/pub01/1211000002.html,,,,,,
122033,,市川市,若宮小学校,ﾜｶﾐﾔｼｮｳｶﾞｯｺｳ,,,,千葉県市川市若宮3丁目54-10,千葉県,市川市,若宮3丁目,Oct-54,,35.7267139,139.9523055,,,職員室前,(047)339-2177,,,,,,,,,,,,,http://www.city.ichikawa.lg.jp/pub01/1211000002.html,,,,,,
122033,,市川市,宮田小学校,ﾐﾔﾀｼｮｳｶﾞｯｺｳ,,,,千葉県市川市新田4丁目8-15,千葉県,市川市,新田4丁目,8月15日,,35.72689568,139.9093288,,,保健室前,(047)379-7647,,,,,,,,,,,,,http://www.city.ichikawa.lg.jp/pub01/1211000002.html,,,,,,
122033,,市川市,冨貴島小学校,ﾌｷｼﾏｼｮｳｶﾞｯｺｳ,,,,千葉県市川市八幡6丁目10-11,千葉県,市川市,八幡6丁目,10月11日,,35.72698583,139.9377577,,,職員室前,(047)334-2624,,,,,,,,,,,,,http://www.city.ichikawa.lg.jp/pub01/1211000002.html,,,,,,
122033,,市川市,宮田地域ふれあい館,ﾐﾔﾀﾁｲｷﾌﾚｱｲｶﾝ,,,,千葉県市川市新田5丁目16-6,千葉県,市川市,新田5丁目,6月16日,,35.72760198,139.9111636,,,玄関正面,(047)324-4525,,,,,,,,,,,,,http://www.city.ichikawa.lg.jp/pub01/1211000002.html,,,,,,
122033,,市川市,市川駅行政ｻ-ﾋﾞｽｾﾝﾀ-,ｲﾁｶﾜｴｷｷﾞｮｳｾｲｻ-ﾋﾞｽｾﾝﾀ-,,,,千葉県市川市市川南1丁目1-1 ,千葉県,市川市,市川南1丁目,1月1日,I-LINKﾀｳﾝいちかわｻﾞ･ﾀﾜ-ｽﾞｲ-ｽﾄ3階,35.72853397,139.9080647,,,待合ロビー,(047)704-3115,,,,,,,,,,,,,http://www.city.ichikawa.lg.jp/pub01/1211000002.html,,,,,,
122033,,市川市,富貴島保育園,ﾌｷｼﾏﾎｲｸｴﾝ,,,,千葉県市川市八幡6丁目14-19,千葉県,市川市,八幡6丁目,14-19,,35.72849004,139.9355638,,,玄関,(047)336-1144,,,,,,,,,,,,,http://www.city.ichikawa.lg.jp/pub01/1211000002.html,,,,,,
122033,,市川市,東部公民館,ﾄｳﾌﾞｺｳﾐﾝｶﾝ,,,,千葉県市川市本北方3丁目19-16,千葉県,市川市,本北方3丁目,19-16,,35.72880397,139.9508134,,,玄関受付横,(047)337-8886,,,,,,,,,,,,,http://www.city.ichikawa.lg.jp/pub01/1211000002.html,,,,,,
122033,,市川市,市川駅南口図書館,ｲﾁｶﾜｴｷﾐﾅﾐｸﾞﾁﾄｼｮｶﾝ,,,,千葉県市川市市川南1丁目10-1,千葉県,市川市,市川南1丁目,10月1日,I-LINKﾀｳﾝいちかわｻﾞ・ﾀﾜ-ｽﾞｳｴｽﾄ3階,35.7291751,139.9062854,,,図書館入口右側,(047)325-6241,,,,,,,,,,,,,http://www.city.ichikawa.lg.jp/pub01/1211000002.html,,,,,,
122033,,市川市,市川市ｱｲ・ﾘﾝｸﾀｳﾝ展望施設,ｲﾁｶﾜｼｱｲ・ﾘﾝｸﾀﾜ-ﾃﾝﾎﾞｳｼｾﾂ,,,,千葉県市川市市川南1丁目10-1,千葉県,市川市,市川南1丁目,10月1日,I-LINKﾀｳﾝいちかわｻﾞ･ﾀﾜ-ｽﾞｳｴｽﾄ45階,35.72913959,139.9058612,,,交流ラウンジ,(047)322-9300,,,,,,,,,,,,,http://www.city.ichikawa.lg.jp/pub01/1211000002.html,,,,,,
122033,,市川市,男女共同参画ｾﾝﾀ- ｳィｽﾞ,ﾀﾞﾝｼﾞｮｷｮｳﾄﾞｳｻﾝｶｸｾﾝﾀ-ｳｨｽﾞ,,,,千葉県市川市市川1丁目24-2,千葉県,市川市,市川1丁目,2月24日,,35.73002786,139.9104011,,,4階窓口前,(047)322-6700,,,,,,,,,,,,,http://www.city.ichikawa.lg.jp/pub01/1211000002.html,,,,,,
122033,,市川市,市川市西消防署,ｲﾁｶﾜｼﾆｼﾞｼｼｮｳﾎﾞｳｼｮ,,,,千葉県市川市市川1丁目24-2,千葉県,市川市,市川1丁目,2月24日,,35.73018022,139.9104639,,,1階受付,(047)323-0119,,,,,,,,,,,,,http://www.city.ichikawa.lg.jp/pub01/1211000002.html,,,,,,
122033,,市川市,本北方保育園,ﾓﾄｷﾀｶﾀﾎｲｸｴﾝ,,,,千葉県市川市本北方2丁目40-23,千葉県,市川市,本北方2丁目,40-23,,35.73020193,139.9501907,,,玄関,(047)338-5982,,,,,,,,,,,,,http://www.city.ichikawa.lg.jp/pub01/1211000002.html,,,,,,
122033,,市川市,市川地域ふれあい館,ｲﾁｶﾜﾁｲｷﾌﾚｱｲｶﾝ,,,,千葉県市川市市川2丁目7-7,千葉県,市川市,市川2丁目,7月7日,,35.7309667,139.9035244,,,玄関正面,(047)322-7710,,,,,,,,,,,,,http://www.city.ichikawa.lg.jp/pub01/1211000002.html,,,,,,
122033,,市川市,市川公民館,ｲﾁｶﾜｺｳﾐﾝｶﾝ,,,,千葉県市川市市川2丁目33-2,千葉県,市川市,市川2丁目,Feb-33,,35.73106183,139.9065932,,,玄関ホール脇事務室,(047)321-1171,,,,,,,,,,,,,http://www.city.ichikawa.lg.jp/pub01/1211000002.html,,,,,,
122033,,市川市,いきいきｾﾝﾀ-市川,ｲｷｲｷｾﾝﾀ-ｲﾁｶﾜ,,,,千葉県市川市市川2丁目33-6,千葉県,市川市,市川2丁目,Jun-33,,35.73149492,139.9060328,,,3階廊下,(047)322-2277,,,,,,,,,,,,,http://www.city.ichikawa.lg.jp/pub01/1211000002.html,,,,,,
122033,,市川市,市川小学校,ｲﾁｶﾜｼｮｳｶﾞｯｺｳ,,,,千葉県市川市市川2丁目32-5,千葉県,市川市,市川2丁目,May-32,,35.73215889,139.9052769,,,校長室前,(047)325-4758,,,,,,,,,,,,,http://www.city.ichikawa.lg.jp/pub01/1211000002.html,,,,,,
122033,,市川市,北方小学校,ｷﾀｶﾀｼｮｳｶﾞｯｺｳ,,,,千葉県市川市北方町4丁目1356-1,千葉県,市川市,北方町4丁目,1356-1,,35.73245879,139.9453395,,,職員玄関横,(047)339-1701,,,,,,,,,,,,,http://www.city.ichikawa.lg.jp/pub01/1211000002.html,,,,,,
122033,,市川市,菅野公民館,ｽｶﾞﾉｺｳﾐﾝｶﾝ,,,,千葉県市川市菅野3丁目24-2,千葉県,市川市,菅野3丁目,2月24日,,35.73263233,139.9168627,,,事務室横,(047)322-7761,,,,,,,,,,,,,http://www.city.ichikawa.lg.jp/pub01/1211000002.html,,,,,,
122033,,市川市,菅野保育園,ｽｶﾞﾉﾎｲｸｴﾝ,,,,千葉県市川市菅野4丁目12-16,千葉県,市川市,菅野4丁目,12月16日,,35.73290944,139.9272147,,,事務室,(047)326-4452,,,,,,,,,,,,,http://www.city.ichikawa.lg.jp/pub01/1211000002.html,,,,,,
122033,,市川市,菅野小学校,ｽｶﾞﾉｼｮｳｶﾞｯｺｳ,,,,千葉県市川市菅野6丁目14-1,千葉県,市川市,菅野6丁目,1月14日,,35.73428494,139.9166006,,,校長室前,(047)324-5955,,,,,,,,,,,,,http://www.city.ichikawa.lg.jp/pub01/1211000002.html,,,,,,
122033,,市川市,大柏川第一調節池緑地,ｵｵｶﾞｼﾜｶﾞﾜﾀﾞｲｲﾁﾁｮｳｾﾂﾁﾘｮｸﾁ,,,,千葉県市川市北方町4丁目1444-59,千葉県,市川市,北方町4丁目,1444-59,,35.73600801,139.9512743,,,事務室前,(047)337-7111,,,,,,,,,,,,,http://www.city.ichikawa.lg.jp/pub01/1211000002.html,,,,,,
122033,,市川市,市川市市民ﾌﾟ-ﾙ,ｲﾁｶﾜｼｼﾐﾝﾌﾟ-ﾙ,,,,千葉県市川市北方町4丁目2270-3,千葉県,市川市,北方町4丁目,Mar-70,,35.73503797,139.9534251,,,医務室,(047)338-7346,,,,,,,,,,,,,http://www.city.ichikawa.lg.jp/pub01/1211000002.html,,,,,,
122033,,市川市,菅野終末処理場,ｽｶﾞﾉｼｭｳﾏﾂｼｮﾘｼﾞｮｳ,,,,千葉県市川市東菅野2丁目23-1,千葉県,市川市,東菅野2丁目,1月23日,,35.73558081,139.9278407,,,2階入口,(047)325-0144,,,,,,,,,,,,,http://www.city.ichikawa.lg.jp/pub01/1211000002.html,,,,,,
122033,,市川市,宮久保小学校,ﾐﾔｸﾎﾞｼｮｳｶﾞｯｺｳ,,,,千葉県市川市宮久保5丁目7-1,千葉県,市川市,宮久保5丁目,7月1日,,35.73668167,139.9440741,,,職員室前,(047)371-2747,,,,,,,,,,,,,http://www.city.ichikawa.lg.jp/pub01/1211000002.html,,,,,,
122033,,市川市,いきいきｾﾝﾀ-宮久保,ｲｷｲｷｾﾝﾀ-ﾐﾔｸﾎﾞ,,,,千葉県市川市宮久保4丁目2-4,千葉県,市川市,宮久保4丁目,2月4日,,35.73696561,139.9361213,,,1階玄関正面,(047)372-5755,,,,,,,,,,,,,http://www.city.ichikawa.lg.jp/pub01/1211000002.html,,,,,,
122033,,市川市,真間小学校,ﾏﾏｼｮｳｶﾞｯｺｳ,,,,千葉県市川市真間4丁目1-1,千葉県,市川市,真間4丁目,1月1日,,35.73775801,139.9102676,,,第4昇降口,(047)372-4726,,,,,,,,,,,,,http://www.city.ichikawa.lg.jp/pub01/1211000002.html,,,,,,
122033,,市川市,須和田の丘特別支援学校,ｽﾜﾀﾞﾉｵｶﾄｸﾍﾞﾂｼｴﾝｶﾞｯｺｳ,,,,千葉県市川市須和田2丁目34-1,千葉県,市川市,須和田2丁目,Jan-34,,35.73816268,139.9134253,,,1階保健室横,(047)371-2258,,,,,,,,,,,,,http://www.city.ichikawa.lg.jp/pub01/1211000002.html,,,,,,
122033,,市川市,第二中学校,ﾀﾞｲﾆﾁｭｳｶﾞｯｺｳ,,,,千葉県市川市須和田2丁目34-1,千葉県,市川市,須和田2丁目,Jan-34,,35.73922357,139.9141234,,,玄関内,(047)371-6188,,,,,,,,,,,,,http://www.city.ichikawa.lg.jp/pub01/1211000002.html,,,,,,
122033,,市川市,柏井小学校,ｶｼﾜｲｼｮｳｶﾞｯｺｳ,,,,千葉県市川市柏井町1丁目1149-1,千葉県,市川市,柏井町1丁目,1149-1,,35.73942802,139.9663513,,,職員室前,(047)337-8877,,,,,,,,,,,,,http://www.city.ichikawa.lg.jp/pub01/1211000002.html,,,,,,
122033,,市川市,下貝塚中学校,ｼﾓｶｲﾂﾞｶﾁｭｳｶﾞｯｺｳ,,,,千葉県市川市下貝塚3丁目13-1,千葉県,市川市,下貝塚3丁目,1月13日,,35.73966566,139.945743,,,職員室前,(047)371-8800,,,,,,,,,,,,,http://www.city.ichikawa.lg.jp/pub01/1211000002.html,,,,,,
122033,,市川市,木内ｷﾞャﾗﾘ-,ｷｳﾁｷﾞｬﾗﾘ-,,,,千葉県市川市真間4丁目11-4,千葉県,市川市,真間4丁目,11月4日,,35.73997441,139.9054813,,,事務室前,(047)371-4916,,,,,,,,,,,,,http://www.city.ichikawa.lg.jp/pub01/1211000002.html,,,,,,
122033,,市川市,芳澤ｶﾞ-ﾃﾞﾝｷﾞャﾗﾘ-,ﾖｼｻﾞﾜｶﾞ-ﾃﾞﾝｷﾞｬﾗﾘ-,,,,千葉県市川市真間5丁目1-18,千葉県,市川市,真間5丁目,1月18日,,35.73981305,139.9114255,,,事務所前,(047)374-7687,,,,,,,,,,,,,http://www.city.ichikawa.lg.jp/pub01/1211000002.html,,,,,,
122033,,市川市,百合台小学校,ﾕﾘﾀﾞｲｼｮｳｶﾞｯｺｳ,,,,千葉県市川市曽谷6丁目10-1,千葉県,市川市,曽谷6丁目,10月1日,,35.74035838,139.9252955,,,職員室前,(047)374-1811,,,,,,,,,,,,,http://www.city.ichikawa.lg.jp/pub01/1211000002.html,,,,,,
122033,,市川市,第三中学校,ﾀﾞｲｻﾝﾁｭｳｶﾞｯｺｳ,,,,千葉県市川市曽谷3丁目2-1,千葉県,市川市,曽谷3丁目,2月1日,,35.74037382,139.9327453,,,玄関,(047)371-7341,,,,,,,,,,,,,http://www.city.ichikawa.lg.jp/pub01/1211000002.html,,,,,,
122033,,市川市,百合台幼稚園,ﾕﾘﾀﾞｲﾖｳﾁｴﾝ,,,,千葉県市川市曽谷6丁目10-1,千葉県,市川市,曽谷6丁目,10月1日,,35.74035838,139.9252955,,,職員玄関,(047)373-8937,,,,,,,,,,,,,http://www.city.ichikawa.lg.jp/pub01/1211000002.html,,,,,,
122033,,市川市,郭沫若記念館,ｶｸﾏﾂｼﾞｬｸｷﾈﾝｶﾝ,,,,千葉県市川市真間5丁目3-19,千葉県,市川市,真間5丁目,3月19日,,35.74108743,139.9126613,,,事務室内,(047)372-5400,,,,,,,,,,,,,http://www.city.ichikawa.lg.jp/pub01/1211000002.html,,,,,,
122033,,市川市,大野小学校,ｵｵﾉｼｮｳｶﾞｯｺｳ,,,,千葉県市川市南大野1丁目42-1,千葉県,市川市,南大野1丁目,Jan-42,,35.74233965,139.9505695,,,職員玄関,(047)338-3000,,,,,,,,,,,,,http://www.city.ichikawa.lg.jp/pub01/1211000002.html,,,,,,
122033,,市川市,国府台市民体育館,ｺｳﾉﾀﾞｲｼﾐﾝﾀｲｸｶﾝ,,,,千葉県市川市国府台1丁目6-4,千葉県,市川市,国府台1丁目,6月4日,,35.74310837,139.9074541,,,1階ﾛﾋﾞ-,(047)373-3112,,,,,,,,,,,,,http://www.city.ichikawa.lg.jp/pub01/1211000002.html,,,,,,
122033,,市川市,大野保育園,ｵｵﾉﾎｲｸｴﾝ,,,,千葉県市川市南大野2丁目4-5,千葉県,市川市,南大野2丁目,4月5日,,35.74289594,139.9530272,,,玄関ホール,(047)337-4551,,,,,,,,,,,,,http://www.city.ichikawa.lg.jp/pub01/1211000002.html,,,,,,
122033,,市川市,曽谷公民館,ｿﾔｺｳﾐﾝｶﾝ,,,,千葉県市川市曽谷6丁目25-5,千葉県,市川市,曽谷6丁目,5月25日,,35.74364645,139.9273814,,,玄関ロビー,(047)372-2871,,,,,,,,,,,,,http://www.city.ichikawa.lg.jp/pub01/1211000002.html,,,,,,
122033,,市川市,奉免地域ふれあい館,ﾎｳﾒﾁｲｷﾌﾚｱｲｶﾝ,,,,千葉県市川市柏井町2丁目49-6,千葉県,市川市,柏井町2丁目,Jun-49,,35.74420344,139.9587862,,,玄関正面,(047)338-5407,,,,,,,,,,,,,http://www.city.ichikawa.lg.jp/pub01/1211000002.html,,,,,,
122033,,市川市,市川市西消防署国府台出張所,ｲﾁｶﾜｼﾆｼﾞｼｼｮｳﾎﾞｳｼｮｺｳﾉﾀﾞｲｼｭｯﾁｮｳｼﾞｮ,,,,千葉県市川市国府台1丁目6-8,千葉県,市川市,国府台1丁目,6月8日,,35.74438916,139.9054886,,,1階受付,(047)372-0119,,,,,,,,,,,,,http://www.city.ichikawa.lg.jp/pub01/1211000002.html,,,,,,
122033,,市川市,第一中学校,ﾀﾞｲｲﾁﾁｭｳｶﾞｯｺｳ,,,,千葉県市川市国府台2丁目7-1,千葉県,市川市,国府台2丁目,7月1日,,35.74479382,139.9019905,,,職員室前,(047)371-6045,,,,,,,,,,,,,http://www.city.ichikawa.lg.jp/pub01/1211000002.html,,,,,,
122033,,市川市,国分小学校,ｺｸﾌﾞﾝｼｮｳｶﾞｯｺｳ,,,,千葉県市川市東国分2丁目4-1,千葉県,市川市,東国分2丁目,4月1日,,35.74488457,139.9208839,,,職員玄関,(047)371-6793,,,,,,,,,,,,,http://www.city.ichikawa.lg.jp/pub01/1211000002.html,,,,,,
122033,,市川市,市川市北消防署曽谷出張所,ｲﾁｶﾜｼｷﾀｼｮｳﾎﾞｳｼｮｿﾔｼｭｯﾁｮｳｼﾞｮ,,,,千葉県市川市曽谷2丁目7-2,千葉県,市川市,曽谷2丁目,7月2日,,35.74517193,139.9357402,,,1階受付,(047)374-0119,,,,,,,,,,,,,http://www.city.ichikawa.lg.jp/pub01/1211000002.html,,,,,,
122033,,市川市,大柏出張所（大野公民館）,ｵｵｶﾞｼﾜｼｭｯﾁｮｳｼｮ,,,,千葉県市川市南大野2丁目3-19,千葉県,市川市,南大野2丁目,3月19日,,35.74519914,139.9531863,,,2階公民館事務室前,(047)339-1111,,,,,,,,,,,,,http://www.city.ichikawa.lg.jp/pub01/1211000002.html,,,,,,
122033,,市川市,いちかわ市民ｷャﾝﾌﾟ場,ｲﾁｶﾜｼﾐﾝｷｬﾝﾌﾟｼﾞｮｳ,,,,千葉県市川市柏井町2丁目992-1,千葉県,市川市,柏井町2丁目,992-1,,35.74437545,139.9737677,,,管理棟内,(047)337-9802,,,,,,,,,,,,,http://www.city.ichikawa.lg.jp/pub01/1211000002.html,,,,,,
122033,,市川市,柏井公民館,ｶｼﾜｲｺｳﾐﾝｶﾝ,,,,千葉県市川市柏井町2丁目844,千葉県,市川市,柏井町2丁目,844,,35.74600643,139.965418,,,事務室入口横,(047)338-2988,,,,,,,,,,,,,http://www.city.ichikawa.lg.jp/pub01/1211000002.html,,,,,,
122033,,市川市,里見公園,ｻﾄﾐｺｳｴﾝ,,,,千葉県市川市国府台3丁目9,千葉県,市川市,国府台3丁目,9,,35.74665104,139.8999283,,,事務所内,(047)372-0062,,,,,,,,,,,,,http://www.city.ichikawa.lg.jp/pub01/1211000002.html,,,,,,
122033,,市川市,曽谷小学校,ｿﾔｼｮｳｶﾞｯｺｳ,,,,千葉県市川市曽谷7丁目18-1,千葉県,市川市,曽谷7丁目,1月18日,,35.74690477,139.9268295,,,職員室前,(047)371-7888,,,,,,,,,,,,,http://www.city.ichikawa.lg.jp/pub01/1211000002.html,,,,,,
122033,,市川市,曽谷保育園,ｿﾔﾎｲｸｴﾝ,,,,千葉県市川市曽谷7丁目28-15,千葉県,市川市,曽谷7丁目,28-15,,35.74844845,139.9259445,,,玄関,(047)373-5530,,,,,,,,,,,,,http://www.city.ichikawa.lg.jp/pub01/1211000002.html,,,,,,
122033,,市川市,東国分中学校,ﾋｶﾞｼｺｸﾌﾞﾝﾁｭｳｶﾞｯｺｳ,,,,千葉県市川市東国分3丁目5-1,千葉県,市川市,東国分3丁目,5月1日,,35.74889297,139.9227638,,,職員玄関,(047)371-5963,,,,,,,,,,,,,http://www.city.ichikawa.lg.jp/pub01/1211000002.html,,,,,,
122033,,市川市,西部公民館,ｾｲﾌﾞｺｳﾐﾝｶﾝ,,,,千葉県市川市中国分2丁目13-8,千葉県,市川市,中国分2丁目,8月13日,,35.74934744,139.9133309,,,正面玄関,(047)373-8175,,,,,,,,,,,,,http://www.city.ichikawa.lg.jp/pub01/1211000002.html,,,,,,
122033,,市川市,明松園,ﾒｲｼｮｳｴﾝ,,,,千葉県市川市中国分2丁目17-21,千葉県,市川市,中国分2丁目,17-21,,35.75015031,139.9131221,,,事務室ｶｳﾝﾀ-,(047)372-9017,,,,,,,,,,,,,http://www.city.ichikawa.lg.jp/pub01/1211000002.html,,,,,,
122033,,市川市,大柏小学校,ｵｵｶﾞｼﾜｼｮｳｶﾞｯｺｳ,,,,千葉県市川市大野町2丁目1877,千葉県,市川市,大野町2丁目,1877,,35.75035095,139.9538418,,,職員室前,(047)337-8141,,,,,,,,,,,,,http://www.city.ichikawa.lg.jp/pub01/1211000002.html,,,,,,
122033,,市川市,市川市北消防署,ｲﾁｶﾜｼｷﾀｼｮｳﾎﾞｳｼｮ,,,,千葉県市川市大野町4丁目2163-1,千葉県,市川市,大野町4丁目,Jan-63,,35.75117195,139.9602701,,,1階受付,(047)338-0119,,,,,,,,,,,,,http://www.city.ichikawa.lg.jp/pub01/1211000002.html,,,,,,
122033,,市川市,万葉植物園,ﾏﾝﾖｳｼｮｸﾌﾞﾂｴﾝ,,,,千葉県市川市大野町2丁目1857,千葉県,市川市,大野町2丁目,1857,,35.75319961,139.9527259,,,事務所内,(047)337-9866,,,,,,,,,,,,,http://www.city.ichikawa.lg.jp/pub01/1211000002.html,,,,,,
122033,,市川市,第五中学校,ﾀﾞｲｺﾞﾁｭｳｶﾞｯｺｳ,,,,千葉県市川市大野町3丁目1993,千葉県,市川市,大野町3丁目,1993,,35.75298163,139.9568837,,,職員室前,(047)337-8344,,,,,,,,,,,,,http://www.city.ichikawa.lg.jp/pub01/1211000002.html,,,,,,
122033,,市川市,国府台小学校,ｺｳﾉﾀﾞｲｼｮｳｶﾞｯｺｳ,,,,千葉県市川市国府台5丁目25-4,千葉県,市川市,国府台5丁目,4月25日,,35.7535364,139.9030248,,,職員室前,(047)372-4672,,,,,,,,,,,,,http://www.city.ichikawa.lg.jp/pub01/1211000002.html,,,,,,
122033,,市川市,中国分小学校,ﾅｶｺｸﾌﾞﾝｼｮｳｶﾞｯｺｳ,,,,千葉県市川市中国分1丁目22-1,千葉県,市川市,中国分1丁目,1月22日,,35.75367233,139.9158675,,,職員室前,(047)371-7886,,,,,,,,,,,,,http://www.city.ichikawa.lg.jp/pub01/1211000002.html,,,,,,
122033,,市川市,J:COM北市川ｽﾎﾟｰﾂﾊﾟｰｸ,ｼﾞｪｲｺﾑｷﾀｲﾁｶﾜｽﾎﾟｰﾂﾊﾟｰｸ,,,,千葉県市川市柏井町4丁目277-1,千葉県,市川市,柏井町4丁目,277-1,,35.75351937,139.9670079,,,管理棟内,(047)337-1810,,,,,,,,,,,,,http://www.city.ichikawa.lg.jp/pub01/1211000002.html,,,,,,
122033,,市川市,須和田の丘特別支援学校稲越校舎,ｽﾜﾀﾞﾉｵｶﾄｸﾍﾞﾂｼｴﾝｶﾞｯｺｳｲﾅｺﾞｼｺｳｼｬ,,,,千葉県市川市稲越町518-2,千葉県,市川市,稲越町,518-2,,35.75417469,139.9242707,,,保健室前,(047)373-9000,,,,,,,,,,,,,http://www.city.ichikawa.lg.jp/pub01/1211000002.html,,,,,,
122033,,市川市,稲越小学校,ｲﾅｺﾞｼｼｮｳｶﾞｯｺｳ,,,,千葉県市川市稲越町518-2,千葉県,市川市,稲越町,518-2,,35.75415177,139.9239772,,,2階保健室前,(047)373-8401,,,,,,,,,,,,,http://www.city.ichikawa.lg.jp/pub01/1211000002.html,,,,,,
122033,,市川市,霊園,ﾚｲｴﾝ,,,,千葉県市川市大野町4丁目2481,千葉県,市川市,大野町4丁目,2481,,35.75735927,139.9706025,,,事務室入口正面,(047)337-5696,,,,,,,,,,,,,http://www.city.ichikawa.lg.jp/pub01/1211000002.html,,,,,,
122033,,市川市,大野地域ふれあい館,ｵｵﾉﾁｲｷﾌﾚｱｲｶﾝ,,,,千葉県市川市大野町3丁目1625-1,千葉県,市川市,大野町3丁目,1625-1,,35.75800884,139.9554341,,,玄関正面,(047)338-3754,,,,,,,,,,,,,http://www.city.ichikawa.lg.jp/pub01/1211000002.html,,,,,,
122033,,市川市,いきいきｾﾝﾀ-北国分,ｲｷｲｷｾﾝﾀ-ｷﾀｺｸﾌﾞﾝ,,,,千葉県市川市北国分1丁目12-32,千葉県,市川市,北国分1丁目,12-32,,35.7588551,139.9035448,,,1階活動室内壁面,(047)377-2167,,,,,,,,,,,,,http://www.city.ichikawa.lg.jp/pub01/1211000002.html,,,,,,
122033,,市川市,市川歴史博物館,ｲﾁｶﾜﾚｷｼﾊｸﾌﾞﾂｶﾝ,,,,千葉県市川市堀之内2丁目27-1,千葉県,市川市,堀之内2丁目,1月27日,,35.75983413,139.9115302,,,歴史博物館事務室前,(047)373-6351,,,,,,,,,,,,,http://www.city.ichikawa.lg.jp/pub01/1211000002.html,,,,,,
122033,,市川市,市川市斎場,ｲﾁｶﾜｼｻｲｼﾞｮｳ,,,,千葉県市川市大野町4丁目2610-1,千葉県,市川市,大野町4丁目,Jan-10,,35.76191297,139.9714241,,,事務室入口正面,(047)338-2941,,,,,,,,,,,,,http://www.city.ichikawa.lg.jp/pub01/1211000002.html,,,,,,
122033,,市川市,動植物園,ﾄﾞｳｼｮｸﾌﾞﾂｴﾝ,,,,千葉県市川市大町284-1,千葉県,市川市,大町,284-1,,35.7642707,139.9659541,,,事務室,(047)338-1960,,,,,,,,,,,,,http://www.city.ichikawa.lg.jp/pub01/1211000002.html,,,,,,
122033,,市川市,少年自然の家,ｼｮｳﾈﾝｼｾﾞﾝﾉｲｴ,,,,千葉県市川市大町280-4,千葉県,市川市,大町,280-4,,35.76603089,139.9662272,,,事務室内,(047)337-0533,,,,,,,,,,,,,http://www.city.ichikawa.lg.jp/pub01/1211000002.html,,,,,,
122033,,市川市,観賞植物園,ｶﾝｼｮｳｼｮｸﾌﾞﾂｴﾝ,,,,千葉県市川市大町213-11,千葉県,市川市,大町,213-11,,35.76845712,139.9704539,,,事務室,(047)339-4411,,,,,,,,,,,,,http://www.city.ichikawa.lg.jp/pub01/1211000002.html,,,,,,
122033,,市川市,大町小学校,ｵｵﾏﾁｼｮｳｶﾞｯｺｳ,,,,千葉県市川市大町84-10,千葉県,市川市,大町,Oct-84,,35.7718004,139.9570515,,,保健室前,(047)337-3610,,,,,,,,,,,,,http://www.city.ichikawa.lg.jp/pub01/1211000002.html,,,,,,
122033,,市川市,市役所第一庁舎,ｼﾔｸｼｮﾀﾞｲｲﾁﾁｮｳｼｬ,,,,千葉県市川市八幡1丁目1-1,千葉県,市川市,八幡1丁目,1月1日,,35.72179702,139.9310206,,,1階守衛室内,(047)712-8647,,,,,,,,,,,,,http://www.city.ichikawa.lg.jp/pub01/1211000002.html,,,,,,
122033,,市川市,市役所第二庁舎分館,ｼﾔｸｼｮﾀﾞｲﾆﾁｮｳｼｬﾌﾞﾝｶﾝ,,,,千葉県市川市南八幡2丁目17-7,千葉県,市川市,南八幡2丁目,7月17日,,35.71397267,139.9287259,,,２階技術管理課,(047)704-0058,,,,,,,,,,,,,http://www.city.ichikawa.lg.jp/pub01/1211000002.html,,,,,,
122033,,市川市,行徳ふれあい伝承館,ｷﾞｮｳﾄｸﾌﾚｱｲﾃﾞﾝｼｮｳｶﾝ,,,,千葉県市川市本行徳35-7,千葉県,市川市,本行徳,Jul-35,,35.6904387,139.9154706,,,事務室内,(047)314-8177,,,,,,,,,,,,,http://www.city.ichikawa.lg.jp/pub01/1211000002.html,,,,,,
122033,,市川市,市川考古博物館,ｲﾁｶﾜｺｳｺﾊｸﾌﾞﾂｶﾝ,,,,千葉県市川市堀之内2丁目26-1,千葉県,市川市,堀之内2丁目,1月26日,,35.7590073,139.9120419,,,考古博物館ロビー前,(047)373-2202,,,,,,,,,,,,,http://www.city.ichikawa.lg.jp/pub01/1211000002.html,,,,,,
122033,,市川市,行徳野鳥観察舎あいねすと,ｷﾞｮｳﾄｸﾔﾁｮｳｶﾝｻﾂｼｬｱｲﾈｽﾄ,,,,千葉県市川市福栄4丁目22-11,千葉県,市川市,福栄4丁目,11月22日,,35.66853221,139.9157757,,,玄関正面,(047)702-8045,,,,,,,,,,,,,http://www.city.ichikawa.lg.jp/pub01/1211000002.html,,,,,,
122033,,市川市,ぴあぱーく妙典,ﾋﾟｱﾊﾟｰｸﾐｮｳﾃﾞﾝ,,,,千葉県市川市下妙典941-3,,市川市,下妙典,941-3,,35.687657,139.935535,,,公園管理棟内,(047)712-6367,,,,,,,,,,,,,,,,,,,
122033,,市川市,第一中学校　院内学級,ﾀﾞｲｲﾁﾁｭｳｶﾞｯｺｳ ｲﾝﾅｲｶﾞｯｷｭｳ,,,,千葉県市川市国府台1‐7‐5,,市川市,国府台1丁目,7‐5,,35.74511,139.90751,,,職員室,(047)372-7850,,,,,,,,,,,,,,,,,,,
122033,,市川市,小塚山公園,ｺﾂﾞｶﾔﾏｺｳｴﾝ,,,,千葉県市川市北国分3丁目2,千葉県,市川市,北国分3丁目,2,,35.75863185,139.907351,,,【屋外】トイレ外壁,(047)712-6367,,,,,,,,,,,,,http://www.city.ichikawa.lg.jp/pub01/1211000002.html,,,,,,
122033,,市川市,八幡市民交流館ニコット,ﾔﾜﾀｼﾐﾝｺｳﾘｭｳｶﾝﾆｺｯﾄ,,,,千葉県市川市八幡4丁目2-1,千葉県,市川市,八幡4丁目,2月1日,,35.72351021,139.9302402,,,1階玄関ホール左側,(047)321-6264,,,,,,,,,,,,,http://www.city.ichikawa.lg.jp/pub01/1211000002.html,,,,,,
122033,,市川市,国府台スタジアム,ｺｳﾉﾀﾞｲｽﾀｼﾞｱﾑ,,,,千葉県市川市国府台1丁目6-4,千葉県,市川市,国府台1丁目,6月4日,,35.74423849,139.906473,,,正面入口管理人室前,(047)373-3111,,,,,,,,,,,,,http://www.city.ichikawa.lg.jp/pub01/1211000002.html,,,,,,
122033,,市川市,セブンイレブン市川二俣一丁目店,ｾﾌﾞﾝｲﾚﾌﾞﾝｲﾁｶﾜﾌﾀﾏﾀｲｯﾁｮｳﾒﾃﾝ,,,,千葉県市川市二俣1丁目13-1,千葉県,市川市,二俣1丁目,1月13日,,35.705434,139.952601,,,店舗内,(047)328-1257,,,,,,,,,,,,,https://www.city.ichikawa.lg.jp/pub01/0000458290.html,,,,,,
122033,,市川市,セブンイレブン市川妙典二丁目店,ｾﾌﾞﾝｲﾚﾌﾞﾝｲﾁｶﾜﾐｮｳﾃﾞﾝﾆﾁｮｳﾒﾃﾝ,,,,千葉県市川市妙典2丁目16-3,千葉県,市川市,妙典2丁目,3月16日,,35.69520231,139.9273196,,,店舗内,(047)395-4778,,,,,,,,,,,,,https://www.city.ichikawa.lg.jp/pub01/0000458290.html,,,,,,
122033,,市川市,セブンイレブン市川鬼高三丁目店,ｾﾌﾞﾝｲﾚﾌﾞﾝｲﾁｶﾜｵﾆﾀｶｻﾝﾁｮｳﾒﾃﾝ,,,,千葉県市川市鬼高3丁目12-32,千葉県,市川市,鬼高3丁目,12-32,,35.709581,139.938737,,,店舗内,(047)370-3575,,,,,,,,,,,,,https://www.city.ichikawa.lg.jp/pub01/0000458290.html,,,,,,
122033,,市川市,セブンイレブン鬼越駅前店,ｾﾌﾞﾝｲﾚﾌﾞﾝｵﾆｺﾞｴｴｷﾏｴﾃﾝ,,,,千葉県市川市鬼越1丁目4-4,千葉県,市川市,鬼越1丁目,4月4日,,35.719878,139.937147,,,店舗内,(047)335-3833,,,,,,,,,,,,,https://www.city.ichikawa.lg.jp/pub01/0000458290.html,,,,,,
122033,,市川市,セブンイレブン市川塩焼店,ｾﾌﾞﾝｲﾚﾌﾞﾝｲﾁｶﾜｼｵﾔｷﾃﾝ,,,,千葉県市川市塩焼1丁目10-7,千葉県,市川市,塩焼1丁目,10月7日,,35.687995,139.93071,,,店舗内,(047)395-6281,,,,,,,,,,,,,https://www.city.ichikawa.lg.jp/pub01/0000458290.html,,,,,,
122033,,市川市,セブンイレブン市川宝店,ｾﾌﾞﾝｲﾚﾌﾞﾝｲﾁｶﾜﾀｶﾗﾃﾝ,,,,千葉県市川市宝2丁目10-14,千葉県,市川市,宝2丁目,10月14日,,35.68062227,139.9221635,,,店舗内,(047)396-5454,,,,,,,,,,,,,https://www.city.ichikawa.lg.jp/pub01/0000458290.html,,,,,,
122033,,市川市,セブンイレブン市川田尻一丁目店,ｾﾌﾞﾝｲﾚﾌﾞﾝｲﾁｶﾜﾀｼﾞﾘｲｯﾁｮｳﾒﾃﾝ,,,,千葉県市川市田尻1丁目10-14,千葉県,市川市,田尻1丁目,10月14日,,35.70693,139.928883,,,店舗内,(047)376-6656,,,,,,,,,,,,,https://www.city.ichikawa.lg.jp/pub01/0000458290.html,,,,,,
122033,,市川市,セブンイレブン市川総合病院前店,ｾﾌﾞﾝｲﾚﾌﾞﾝｲﾁｶﾜｿｳｺﾞｳﾋﾞｮｳｲﾝﾏｴﾃﾝ,,,,千葉県市川市菅野6丁目1-6,千葉県,市川市,菅野6丁目,1月6日,,35.732562,139.920822,,,店舗内,(047)323-7707,,,,,,,,,,,,,https://www.city.ichikawa.lg.jp/pub01/0000458290.html,,,,,,
122033,,市川市,セブンイレブン市川堀之内店,ｾﾌﾞﾝｲﾚﾌﾞﾝｲﾁｶﾜﾎﾘﾉｳﾁﾃﾝ,,,,千葉県市川市堀之内3丁目25-13,千葉県,市川市,堀之内3丁目,25-13,,35.76358861,139.9127983,,,店舗内,(047)373-0071,,,,,,,,,,,,,https://www.city.ichikawa.lg.jp/pub01/0000458290.html,,,,,,
122033,,市川市,セブンイレブン市川新田二丁目店,ｾﾌﾞﾝｲﾚﾌﾞﾝｲﾁｶﾜｼﾝﾃﾞﾝﾆﾁｮｳﾒﾃﾝ,,,,千葉県市川市新田2丁目15-6,千葉県,市川市,新田2丁目,6月15日,,35.725345,139.914604,,,店舗内,(047)314-2050,,,,,,,,,,,,,https://www.city.ichikawa.lg.jp/pub01/0000458290.html,,,,,,
122033,,市川市,セブンイレブン八幡店,ｾﾌﾞﾝｲﾚﾌﾞﾝﾔﾜﾀﾃﾝ,,,,千葉県市川市八幡2丁目3-22,千葉県,市川市,八幡2丁目,3月22日,,35.723013,139.929308,,,店舗内,(047)335-3651,,,,,,,,,,,,,https://www.city.ichikawa.lg.jp/pub01/0000458290.html,,,,,,
122033,,市川市,セブンイレブン南八幡店,ｾﾌﾞﾝｲﾚﾌﾞﾝﾐﾅﾐﾔﾜﾀﾃﾝ,,,,千葉県市川市南八幡1丁目10-1,千葉県,市川市,南八幡1丁目,10月1日,,35.71787,139.9297,,,店舗内,(047)377-2795,,,,,,,,,,,,,https://www.city.ichikawa.lg.jp/pub01/0000458290.html,,,,,,
122033,,市川市,セブンイレブン東菅野店,ｾﾌﾞﾝｲﾚﾌﾞﾝﾋｶﾞｼｽｶﾞﾉﾃﾝ,,,,千葉県市川市東菅野3丁目1-11,千葉県,市川市,東菅野3丁目,1月11日,,35.7314977,139.9303782,,,店舗内,(047)333-2863,,,,,,,,,,,,,https://www.city.ichikawa.lg.jp/pub01/0000458290.html,,,,,,
122033,,市川市,セブンイレブン市川北方町四丁目店,ｾﾌﾞﾝｲﾚﾌﾞﾝｲﾁｶﾜﾎﾞｯｹﾏﾁﾖﾝﾁｮｳﾒﾃﾝ,,,,千葉県市川市北方町4丁目1336-12,千葉県,市川市,北方町4丁目,1336-12,,35.731511,139.944565,,,店舗内,(047)339-2477,,,,,,,,,,,,,https://www.city.ichikawa.lg.jp/pub01/0000458290.html,,,,,,
122033,,市川市,セブンイレブン市川八幡三丁目店,ｾﾌﾞﾝｲﾚﾌﾞﾝｲﾁｶﾜﾔﾜﾀｻﾝﾁｮｳﾒﾃﾝ,,,,千葉県市川市八幡3丁目3-2,千葉県,市川市,八幡3丁目,3月2日,,35.72296075,139.9277611,,,店舗内,(047)324-1219,,,,,,,,,,,,,https://www.city.ichikawa.lg.jp/pub01/0000458290.html,,,,,,
122033,,市川市,セブンイレブン市川行徳駅前一丁目店,ｾﾌﾞﾝｲﾚﾌﾞﾝｲﾁｶﾜｷﾞｮｳﾄｸｴｷﾏｴｲｯﾁｮｳﾒﾃﾝ,,,,千葉県市川市行徳駅前1丁目20-2,千葉県,市川市,行徳駅前1丁目,2月20日,,35.684549,139.915144,,,店舗内,(047)399-2227,,,,,,,,,,,,,https://www.city.ichikawa.lg.jp/pub01/0000458290.html,,,,,,
122033,,市川市,セブンイレブン市川曽谷店,ｾﾌﾞﾝｲﾚﾌﾞﾝｲﾁｶﾜｿﾔﾃﾝ,,,,千葉県市川市曽谷6丁目26-15,千葉県,市川市,曽谷6丁目,26-15,,35.744217,139.92678,,,店舗内,(047)320-8290,,,,,,,,,,,,,https://www.city.ichikawa.lg.jp/pub01/0000458290.html,,,,,,
122033,,市川市,セブンイレブン市川大洲店,ｾﾌﾞﾝｲﾚﾌﾞﾝｲﾁｶﾜｵｵｽﾃﾝ,,,,千葉県市川市大洲3丁目10-13,千葉県,市川市,大洲3丁目,10月13日,,35.72058,139.907421,,,店舗内,(047)379-5110,,,,,,,,,,,,,https://www.city.ichikawa.lg.jp/pub01/0000458290.html,,,,,,
122033,,市川市,セブンイレブン市川柏井町三丁目店,ｾﾌﾞﾝｲﾚﾌﾞﾝｲﾁｶﾜｶｼﾜｲﾏﾁｻﾝﾁｮｳﾒﾃﾝ,,,,千葉県市川市柏井町3丁目673-3,千葉県,市川市,柏井町3丁目,673-3,,35.742828,139.964046,,,店舗内,(047)303-0107,,,,,,,,,,,,,https://www.city.ichikawa.lg.jp/pub01/0000458290.html,,,,,,
122033,,市川市,セブンイレブン市川南三丁目店,ｾﾌﾞﾝｲﾚﾌﾞﾝｲﾁｶﾜﾐﾅﾐｻﾝﾁｮｳﾒﾃﾝ,,,,千葉県市川市市川南3丁目3-22,千葉県,市川市,市川南3丁目,3月22日,,35.729483,139.904083,,,店舗内,(047)326-2535,,,,,,,,,,,,,https://www.city.ichikawa.lg.jp/pub01/0000458290.html,,,,,,
122033,,市川市,セブンイレブン市川中山店,ｾﾌﾞﾝｲﾚﾌﾞﾝｲﾁｶﾜﾅｶﾔﾏﾃﾝ,,,,千葉県市川市北方町4丁目1894-1,千葉県,市川市,北方町4丁目,1894-1,,35.73163453,139.9608457,,,店舗内,(047)338-1371,,,,,,,,,,,,,https://www.city.ichikawa.lg.jp/pub01/0000458290.html,,,,,,
122033,,市川市,セブンイレブン市川鬼高一丁目店,ｾﾌﾞﾝｲﾚﾌﾞﾝｲﾁｶﾜｵﾆﾀｶｲｯﾁｮｳﾒﾃﾝ,,,,千葉県市川市鬼高1丁目14-11,千葉県,市川市,鬼高1丁目,11月14日,,35.71075667,139.933876,,,店舗内,(047)378-0223,,,,,,,,,,,,,https://www.city.ichikawa.lg.jp/pub01/0000458290.html,,,,,,
122033,,市川市,セブンイレブン市川本八幡駅南口店,ｾﾌﾞﾝｲﾚﾌﾞﾝｲﾁｶﾜﾓﾄﾔﾜﾀｴｷﾐﾅﾐｸﾞﾁﾃﾝ,,,,千葉県市川市南八幡3丁目6-18,千葉県,市川市,南八幡3丁目,6月18日,,35.71975844,139.9270869,,,店舗内,(047)370-8655,,,,,,,,,,,,,https://www.city.ichikawa.lg.jp/pub01/0000458290.html,,,,,,
122033,,市川市,セブンイレブン市川南一丁目店,ｾﾌﾞﾝｲﾚﾌﾞﾝｲﾁｶﾜﾐﾅﾐｲｯﾁｮｳﾒﾃﾝ,,,,千葉県市川市市川南1丁目3-7,千葉県,市川市,市川南1丁目,3月7日,,35.72598788,139.9078368,,,店舗内,(047)322-7613,,,,,,,,,,,,,https://www.city.ichikawa.lg.jp/pub01/0000458290.html,,,,,,
122033,,市川市,セブンイレブン市川南二丁目店,ｾﾌﾞﾝｲﾚﾌﾞﾝｲﾁｶﾜﾐﾅﾐﾆﾁｮｳﾒﾃﾝ,,,,千葉県市川市市川南2丁目7-15,千葉県,市川市,市川南2丁目,7月15日,,35.72460404,139.9031,,,店舗内,(047)325-1977,,,,,,,,,,,,,https://www.city.ichikawa.lg.jp/pub01/0000458290.html,,,,,,
122033,,市川市,セブンイレブン市川本塩店,ｾﾌﾞﾝｲﾚﾌﾞﾝｲﾁｶﾜﾎﾝｼｵﾃﾝ,,,,千葉県市川市本塩17-9,千葉県,市川市,本塩,9月17日,,35.68951169,139.920996,,,店舗内,(047)356-4304,,,,,,,,,,,,,https://www.city.ichikawa.lg.jp/pub01/0000458290.html,,,,,,
122033,,市川市,セブンイレブン市川高谷一丁目店,ｾﾌﾞﾝｲﾚﾌﾞﾝｲﾁｶﾜｺｳﾔｲｯﾁｮｳﾒﾃﾝ,,,,千葉県市川市高谷1丁目12-19,千葉県,市川市,高谷1丁目,12月19日,,35.699025,139.941802,,,店舗内,(047)327-0311,,,,,,,,,,,,,https://www.city.ichikawa.lg.jp/pub01/0000458290.html,,,,,,
122033,,市川市,セブンイレブン市川高谷三丁目店,ｾﾌﾞﾝｲﾚﾌﾞﾝｲﾁｶﾜｺｳﾔｻﾝﾁｮｳﾒﾃﾝ,,,,千葉県市川市高谷3丁目13-16,千葉県,市川市,高谷3丁目,13-16,,35.695511,139.941811,,,店舗内,(047)327-8808,,,,,,,,,,,,,https://www.city.ichikawa.lg.jp/pub01/0000458290.html,,,,,,
122033,,市川市,セブンイレブン市川塩焼一丁目店,ｾﾌﾞﾝｲﾚﾌﾞﾝｲﾁｶﾜｼｵﾔｷｲｯﾁｮｳﾒﾃﾝ,,,,千葉県市川市塩焼1丁目2-1,千葉県,市川市,塩焼1丁目,2月1日,,35.6890947,139.9269539,,,店舗内,(047)704-8421,,,,,,,,,,,,,https://www.city.ichikawa.lg.jp/pub01/0000458290.html,,,,,,
122033,,市川市,セブンイレブン市川中国分三丁目店,ｾﾌﾞﾝｲﾚﾌﾞﾝｲﾁｶﾜﾅｶｺｸﾌﾞﾝｻﾝﾁｮｳﾒﾃﾝ,,,,千葉県市川市中国分3丁目1-15,千葉県,市川市,中国分3丁目,1月15日,,35.75124661,139.9112767,,,店舗内,(047)372-6646,,,,,,,,,,,,,https://www.city.ichikawa.lg.jp/pub01/0000458290.html,,,,,,
122033,,市川市,セブンイレブン市川行徳店,ｾﾌﾞﾝｲﾚﾌﾞﾝｲﾁｶﾜｷﾞｮｳﾄｸﾃﾝ,,,,千葉県市川市福栄1丁目10,千葉県,市川市,福栄1丁目,10,,35.67605677,139.91012,,,店舗内,(047)395-5099,,,,,,,,,,,,,https://www.city.ichikawa.lg.jp/pub01/0000458290.html,,,,,,
122033,,市川市,セブンイレブン市川平田三丁目店,ｾﾌﾞﾝｲﾚﾌﾞﾝｲﾁｶﾜﾋﾗﾀｻﾝﾁｮｳﾒﾃﾝ,,,,千葉県市川市平田3丁目4-3,千葉県,市川市,平田3丁目,4月3日,,35.72169681,139.9217199,,,店舗内,(047)378-2500,,,,,,,,,,,,,https://www.city.ichikawa.lg.jp/pub01/0000458290.html,,,,,,
122033,,市川市,セブンイレブン市川大町梨街道店,ｾﾌﾞﾝｲﾚﾌﾞﾝｲﾁｶﾜｵｵﾏﾁﾅｼｶｲﾄﾞｳﾃﾝ,,,,千葉県市川市大町53,千葉県,市川市,大町,53,,35.7666659,139.9559058,,,店舗内,(047)339-3474,,,,,,,,,,,,,https://www.city.ichikawa.lg.jp/pub01/0000458290.html,,,,,,
122033,,市川市,セブンイレブン市川一丁目店,ｾﾌﾞﾝｲﾚﾌﾞﾝｲﾁｶﾜｲｯﾁｮｳﾒﾃﾝ,,,,千葉県市川市市川1丁目12-9,千葉県,市川市,市川1丁目,12月9日,,35.73091,139.906903,,,店舗内,(047)324-6020,,,,,,,,,,,,,https://www.city.ichikawa.lg.jp/pub01/0000458290.html,,,,,,
122033,,市川市,セブンイレブン市川平田一丁目店,ｾﾌﾞﾝｲﾚﾌﾞﾝｲﾁｶﾜﾋﾗﾀｲｯﾁｮｳﾒﾃﾝ,,,,千葉県市川市平田1丁目18-14,千葉県,市川市,平田1丁目,18-14,,35.72560609,139.9199161,,,店舗内,(047)322-6083,,,,,,,,,,,,,https://www.city.ichikawa.lg.jp/pub01/0000458290.html,,,,,,
122033,,市川市,セブンイレブン市川末広一丁目店,ｾﾌﾞﾝｲﾚﾌﾞﾝｲﾁｶﾜｽｴﾋﾛｲｯﾁｮｳﾒﾃﾝ,,,,千葉県市川市末広1丁目17-9,千葉県,市川市,末広1丁目,9月17日,,35.68415444,139.918037,,,店舗内,(047)397-5007,,,,,,,,,,,,,https://www.city.ichikawa.lg.jp/pub01/0000458290.html,,,,,,
122033,,市川市,セブンイレブン市川大野店,ｾﾌﾞﾝｲﾚﾌﾞﾝｲﾁｶﾜｵｵﾉﾃﾝ,,,,千葉県市川市南大野1丁目44-5,千葉県,市川市,南大野1丁目,May-44,,35.74043995,139.9528038,,,店舗内,(047)337-2753,,,,,,,,,,,,,https://www.city.ichikawa.lg.jp/pub01/0000458290.html,,,,,,
122033,,市川市,セブンイレブン市川新井三丁目店,ｾﾌﾞﾝｲﾚﾌﾞﾝｲﾁｶﾜｱﾗｲｻﾝﾁｮｳﾒﾃﾝ,,,,千葉県市川市新井3丁目2-9,千葉県,市川市,新井3丁目,2月9日,,35.67372213,139.8983272,,,店舗内,(047)395-5755,,,,,,,,,,,,,https://www.city.ichikawa.lg.jp/pub01/0000458290.html,,,,,,
122033,,市川市,セブンイレブン市川原木インター店,ｾﾌﾞﾝｲﾚﾌﾞﾝｲﾁｶﾜﾊﾞﾗｷｲﾝﾀｰﾃﾝ,,,,千葉県市川市二俣595-3,千葉県,市川市,二俣,595-3,,35.70005433,139.9587923,,,店舗内,(047)327-0558,,,,,,,,,,,,,https://www.city.ichikawa.lg.jp/pub01/0000458290.html,,,,,,
122033,,市川市,セブンイレブン市川大野町三丁目店,ｾﾌﾞﾝｲﾚﾌﾞﾝｲﾁｶﾜｵｵﾉﾏﾁｻﾝﾁｮｳﾒﾃﾝ,,,,千葉県市川市大野町3丁目1739-1,千葉県,市川市,大野町3丁目,1739-1,,35.75779017,139.9557437,,,店舗内,(047)338-6859,,,,,,,,,,,,,https://www.city.ichikawa.lg.jp/pub01/0000458290.html,,,,,,
122033,,市川市,セブンイレブン市川南行徳三丁目店,ｾﾌﾞﾝｲﾚﾌﾞﾝｲﾁｶﾜﾐﾅﾐｷﾞｮｳﾄｸｻﾝﾁｮｳﾒﾃﾝ,,,,千葉県市川市南行徳3丁目2-1,千葉県,市川市,南行徳3丁目,2月1日,,35.6708411,139.9012635,,,店舗内,(047)398-7178,,,,,,,,,,,,,https://www.city.ichikawa.lg.jp/pub01/0000458290.html,,,,,,
122033,,市川市,セブンイレブン市川南大野二丁目店,ｾﾌﾞﾝｲﾚﾌﾞﾝｲﾁｶﾜﾐﾅﾐｵｵﾉﾆﾁｮｳﾒﾃﾝ,,,,千葉県市川市南大野2丁目4-25,千葉県,市川市,南大野2丁目,4月25日,,35.74453037,139.952637,,,店舗内,(047)337-8121,,,,,,,,,,,,,https://www.city.ichikawa.lg.jp/pub01/0000458290.html,,,,,,
122033,,市川市,セブンイレブン市川八幡二丁目店,ｾﾌﾞﾝｲﾚﾌﾞﾝｲﾁｶﾜﾔﾜﾀﾆﾁｮｳﾒﾃﾝ,,,,千葉県市川市八幡2丁目12-3,千葉県,市川市,八幡2丁目,12月3日,,35.72092264,139.9284946,,,店舗内,(047)333-7317,,,,,,,,,,,,,https://www.city.ichikawa.lg.jp/pub01/0000458290.html,,,,,,
122033,,市川市,セブンイレブン原木中山店,ｾﾌﾞﾝｲﾚﾌﾞﾝﾊﾞﾗｷﾅｶﾔﾏﾃﾝ,,,,千葉県市川市田尻3丁目11-15,千葉県,市川市,田尻3丁目,11月15日,,35.70469653,139.9390767,,,店舗内,(047)377-0708,,,,,,,,,,,,,https://www.city.ichikawa.lg.jp/pub01/0000458290.html,,,,,,
122033,,市川市,ファミリーマート本八幡駅南口店,ﾌｧﾐﾘｰﾏｰﾄﾓﾄﾔﾜﾀﾐﾅﾐｸﾞﾁﾃﾝ,,,,千葉県市川市南八幡4丁目15-16,千葉県,市川市,南八幡4丁目,15-16,,35.71838633,139.9256468,,,店舗内,(047)376-7211,,,,,,,,,,,,,https://www.city.ichikawa.lg.jp/pub01/0000458290.html,,,,,,
122033,,市川市,ファミリーマート市川南大野二丁目店,ﾌｧﾐﾘｰﾏｰﾄｲﾁｶﾜﾐﾅﾐｵｵﾉﾆﾁｮｳﾒﾃﾝ,,,,千葉県市川市南大野2丁目2-29,千葉県,市川市,南大野2丁目,2-29,,35.74465877,139.9555789,,,店舗内,(047)303-5554,,,,,,,,,,,,,https://www.city.ichikawa.lg.jp/pub01/0000458290.html,,,,,,
122033,,市川市,ファミリーマート南行徳三丁目店,ﾌｧﾐﾘｰﾏｰﾄﾐﾅﾐｷﾞｮｳﾄｸｻﾝﾁｮｳﾒﾃﾝ,,,,千葉県市川市南行徳3丁目3-20,千葉県,市川市,南行徳3丁目,3月20日,,35.66955958,139.9024297,,,店舗内,(047)306-8281,,,,,,,,,,,,,https://www.city.ichikawa.lg.jp/pub01/0000458290.html,,,,,,
122033,,市川市,ファミリーマート市川高谷店,ﾌｧﾐﾘｰﾏｰﾄｲﾁｶﾜｺｳﾔﾃﾝ,,,,千葉県市川市高谷1626-1,千葉県,市川市,高谷,1626-1,,35.69453576,139.9447757,,,店舗内,(047)329-7745,,,,,,,,,,,,,https://www.city.ichikawa.lg.jp/pub01/0000458290.html,,,,,,
122033,,市川市,ファミリーマート市川湊新田二丁目店,ﾌｧﾐﾘｰﾏｰﾄｲﾁｶﾜﾐﾅﾄｼﾝﾃﾞﾝﾆﾁｮｳﾒﾃﾝ,,,,千葉県市川市湊新田2丁目9-12,千葉県,市川市,湊新田2丁目,9月12日,,35.67754069,139.9121124,,,店舗内,(047)306-7172,,,,,,,,,,,,,https://www.city.ichikawa.lg.jp/pub01/0000458290.html,,,,,,
122033,,市川市,ファミリーマート市川インター店,ﾌｧﾐﾘｰﾏｰﾄｲﾁｶﾜｲﾝﾀｰﾃﾝ,,,,千葉県市川市東大和田1丁目24-23,千葉県,市川市,東大和田1丁目,24-23,,35.71322718,139.9234544,,,店舗内,(047)393-6007,,,,,,,,,,,,,https://www.city.ichikawa.lg.jp/pub01/0000458290.html,,,,,,
122033,,市川市,ファミリーマート市川大洲店,ﾌｧﾐﾘｰﾏｰﾄｲﾁｶﾜｵｵｽﾃﾝ,,,,千葉県市川市大洲2丁目8-32,千葉県,市川市,大洲2丁目,8-32,,35.71711937,139.9110796,,,店舗内,(047)393-7221,,,,,,,,,,,,,https://www.city.ichikawa.lg.jp/pub01/0000458290.html,,,,,,
122033,,市川市,ファミリーマート市川若宮店,ﾌｧﾐﾘｰﾏｰﾄｲﾁｶﾜﾜｶﾐﾔﾃﾝ,,,,千葉県市川市若宮3丁目50-19,千葉県,市川市,若宮3丁目,50-19,,35.72763727,139.9570991,,,店舗内,(047)303-8511,,,,,,,,,,,,,https://www.city.ichikawa.lg.jp/pub01/0000458290.html,,,,,,
122033,,市川市,ファミリーマート市川福栄店,ﾌｧﾐﾘｰﾏｰﾄｲﾁｶﾜﾌｸｴｲﾃﾝ,,,,千葉県市川市福栄3丁目10-10,千葉県,市川市,福栄3丁目,10月10日,,35.67207357,139.9109725,,,店舗内,(047)701-6778,,,,,,,,,,,,,https://www.city.ichikawa.lg.jp/pub01/0000458290.html,,,,,,
122033,,市川市,ファミリーマート東京医科歯科大学店,ﾌｧﾐﾘｰﾏｰﾄﾄｳｷｮｳｲｶｼｶﾀﾞｲｶﾞｸﾃﾝ,,,,千葉県市川市国府台2丁目8-28,千葉県,市川市,国府台2丁目,8月28日,,35.74644855,139.9045513,,,店舗内,(047)374-8120,,,,,,,,,,,,,https://www.city.ichikawa.lg.jp/pub01/0000458290.html,,,,,,
122033,,市川市,ファミリーマートサクマ南行徳駅店,ﾌｧﾐﾘｰﾏｰﾄｻｸﾏﾐﾅﾐｷﾞｮｳﾄｸﾃﾝ,,,,千葉県市川市相之川4丁目17-2,千葉県,市川市,相之川4丁目,2月17日,,35.67238788,139.9019647,,,店舗内,(047)357-3902,,,,,,,,,,,,,https://www.city.ichikawa.lg.jp/pub01/0000458290.html,,,,,,
122033,,市川市,ファミリーマート市川国府台店,ﾌｧﾐﾘｰﾏｰﾄｲﾁｶﾜｺｳﾉﾀﾞｲﾃﾝ,,,,千葉県市川市国府台5丁目26-6,千葉県,市川市,国府台5丁目,6月26日,,35.75261407,139.9019652,,,店舗内,(047)318-5788,,,,,,,,,,,,,https://www.city.ichikawa.lg.jp/pub01/0000458290.html,,,,,,
122033,,市川市,ファミリーマート市川二俣店,ﾌｧﾐﾘｰﾏｰﾄｲﾁｶﾜﾌﾀﾏﾀﾃﾝ,,,,千葉県市川市二俣1丁目6-12,千葉県,市川市,二俣1丁目,6月12日,,35.70616245,139.9501434,,,店舗内,(047)320-5251,,,,,,,,,,,,,https://www.city.ichikawa.lg.jp/pub01/0000458290.html,,,,,,
122033,,市川市,ファミリーマート京成八幡駅前店,ﾌｧﾐﾘｰﾏｰﾄｹｲｾｲﾔﾜﾀｴｷﾏｴﾃﾝ,,,,千葉県市川市八幡3丁目3-1,千葉県,市川市,八幡3丁目,3月1日,,35.72337206,139.9277894,,,店舗内,(047)325-6551,,,,,,,,,,,,,https://www.city.ichikawa.lg.jp/pub01/0000458290.html,,,,,,
122033,,市川市,ファミリーマート市川宝二丁目店,ﾌｧﾐﾘｰﾏｰﾄｲﾁｶﾜﾀｶﾗﾆﾁｮｳﾒﾃﾝ,,,,千葉県市川市宝2丁目15-4,千葉県,市川市,宝2丁目,4月15日,,35.67977614,139.9246923,,,店舗内,(047)701-0261,,,,,,,,,,,,,https://www.city.ichikawa.lg.jp/pub01/0000458290.html,,,,,,
122033,,市川市,ファミリーマート市川曽谷一丁目店,ﾌｧﾐﾘｰﾏｰﾄｲﾁｶﾜｿﾔｲｯﾁｮｳﾒﾃﾝ,,,,千葉県市川市曽谷1丁目20-21,千葉県,市川市,曽谷1丁目,20-21,,35.74300228,139.9380211,,,店舗内,(047)318-5888,,,,,,,,,,,,,https://www.city.ichikawa.lg.jp/pub01/0000458290.html,,,,,,
122033,,市川市,ファミリーマート行徳駅前四丁目店,ﾌｧﾐﾘｰﾏｰﾄｷﾞｮｳﾄｸｴｷﾏｴﾖﾝﾁｮｳﾒﾃﾝ,,,,千葉県市川市行徳駅前4丁目14-12,千葉県,市川市,行徳駅前4丁目,12月14日,,35.67607055,139.9157484,,,店舗内,(047)306-7575,,,,,,,,,,,,,https://www.city.ichikawa.lg.jp/pub01/0000458290.html,,,,,,
122033,,市川市,ファミリーマート市川相之川二丁目店,ﾌｧﾐﾘｰﾏｰﾄｲﾁｶﾜｱｲﾉｶﾜﾆﾁｮｳﾒﾃﾝ,,,,千葉県市川市相之川2丁目6-19,千葉県,市川市,相之川2丁目,6月19日,,35.67753222,139.898619,,,店舗内,(047)306-7300,,,,,,,,,,,,,https://www.city.ichikawa.lg.jp/pub01/0000458290.html,,,,,,
122033,,市川市,ファミリーマート市川大野駅前店,ﾌｧﾐﾘｰﾏｰﾄｲﾁｶﾜｵｵﾉｴｷﾏｴﾃﾝ,,,,千葉県市川市大野町2丁目205,千葉県,市川市,大野町2丁目,205,,35.75323002,139.9517698,,,店舗内,(047)303-6966,,,,,,,,,,,,,https://www.city.ichikawa.lg.jp/pub01/0000458290.html,,,,,,
122033,,市川市,ファミリーマート市川八幡二丁目店,ﾌｧﾐﾘｰﾏｰﾄｲﾁｶﾜﾔﾜﾀﾆﾁｮｳﾒﾃﾝ,,,,千葉県市川市八幡2丁目8-13,千葉県,市川市,八幡2丁目,8月13日,,35.72150337,139.92957,,,店舗内,(047)302-7231,,,,,,,,,,,,,https://www.city.ichikawa.lg.jp/pub01/0000458290.html,,,,,,
122033,,市川市,ファミリーマート薬ヒグチ行徳駅前公園店,ﾌｧﾐﾘｰﾏｰﾄｸｽﾘﾋｸﾞﾁｷﾞｮｳﾄｸｴｷﾏｴｺｳｴﾝﾃﾝ,,,,千葉県市川市行徳駅前4丁目22-1,千葉県,市川市,行徳駅前4丁目,1月22日,,35.67915903,139.9145915,,,店舗内,(047)356-4359,,,,,,,,,,,,,https://www.city.ichikawa.lg.jp/pub01/0000458290.html,,,,,,
122033,,市川市,ファミリーマート市川新井一丁目店,ﾌｧﾐﾘｰﾏｰﾄｲﾁｶﾜｱﾗｲｲｯﾁｮｳﾒﾃﾝ,,,,千葉県市川市新井1丁目6-8,千葉県,市川市,新井1丁目,6月8日,,35.67660696,139.8927307,,,店舗内,(047)701-6011,,,,,,,,,,,,,https://www.city.ichikawa.lg.jp/pub01/0000458290.html,,,,,,
122033,,市川市,ファミリーマート本八幡駅西店,ﾌｧﾐﾘｰﾏｰﾄﾓﾄﾔﾜﾀｴｷﾆｼﾃﾝ,,,,千葉県市川市八幡3丁目6-6,千葉県,市川市,八幡3丁目,6月6日,,35.72161356,139.9256594,,,店舗内,(047)314-0861,,,,,,,,,,,,,https://www.city.ichikawa.lg.jp/pub01/0000458290.html,,,,,,
122033,,市川市,ファミリーマート市川入船店,ﾌｧﾐﾘｰﾏｰﾄｲﾁｶﾜｲﾘﾌﾅﾃﾝ,,,,千葉県市川市入船14-1,千葉県,市川市,入船,1月14日,,35.6774068,139.920597,,,店舗内,(047)701-3955,,,,,,,,,,,,,https://www.city.ichikawa.lg.jp/pub01/0000458290.html,,,,,,
122033,,市川市,ファミリーマート市川駅東店,ﾌｧﾐﾘｰﾏｰﾄｲﾁｶﾜｴｷﾋｶﾞｼﾃﾝ,,,,千葉県市川市新田5丁目18-13,千葉県,市川市,新田5丁目,18-13,,35.72871095,139.9102107,,,店舗内,(047)323-0279,,,,,,,,,,,,,https://www.city.ichikawa.lg.jp/pub01/0000458290.html,,,,,,
122033,,市川市,ファミリーマート市川行徳街道店,ﾌｧﾐﾘｰﾏｰﾄｲﾁｶﾜｷﾞｮｳﾄｸｶｲﾄﾞｳﾃﾝ,,,,千葉県市川市相之川1丁目1-7,千葉県,市川市,相之川1丁目,1月7日,,35.68173487,139.8996801,,,店舗内,(047)306-8500,,,,,,,,,,,,,https://www.city.ichikawa.lg.jp/pub01/0000458290.html,,,,,,
122033,,市川市,ファミリーマート市川東菅野店,ﾌｧﾐﾘｰﾏｰﾄｲﾁｶﾜﾋｶﾞｼｽｶﾞﾉﾃﾝ,,,,千葉県市川市東菅野3丁目29-3,千葉県,市川市,東菅野3丁目,3月29日,,35.73308704,139.9316633,,,店舗内,(047)302-7221,,,,,,,,,,,,,https://www.city.ichikawa.lg.jp/pub01/0000458290.html,,,,,,
122033,,市川市,ファミリーマート市川北方二丁目店,ﾌｧﾐﾘｰﾏｰﾄｲﾁｶﾜｷﾀｶﾀﾆﾁｮｳﾒﾃﾝ,,,,千葉県市川市北方2丁目24-13,千葉県,市川市,北方2丁目,24-13,,35.72421183,139.9429289,,,店舗内,(047)302-7611,,,,,,,,,,,,,https://www.city.ichikawa.lg.jp/pub01/0000458290.html,,,,,,
122033,,市川市,ファミリーマート市川曽谷七丁目店,ﾌｧﾐﾘｰﾏｰﾄｲﾁｶﾜｿﾔﾅﾅﾁｮｳﾒﾃﾝ,,,,千葉県市川市曽谷7丁目32-7,千葉県,市川市,曽谷7丁目,Jul-32,,35.74846515,139.9245876,,,店舗内,(047)372-8634,,,,,,,,,,,,,https://www.city.ichikawa.lg.jp/pub01/0000458290.html,,,,,,
122033,,市川市,ファミリーマート市川高谷一丁目店,ﾌｧﾐﾘｰﾏｰﾄｲﾁｶﾜｺｳﾔｲｯﾁｮｳﾒﾃﾝ,,,,千葉県市川市高谷1丁目3-11,千葉県,市川市,高谷1丁目,3月11日,,35.701361,139.9386999,,,店舗内,(047)314-2115,,,,,,,,,,,,,https://www.city.ichikawa.lg.jp/pub01/0000458290.html,,,,,,
122033,,市川市,ファミリーマート市川宮久保店,ﾌｧﾐﾘｰﾏｰﾄｲﾁｶﾜﾐﾔｸﾎﾞﾃﾝ,,,,千葉県市川市宮久保3丁目36-12,千葉県,市川市,宮久保3丁目,Dec-36,,35.73674487,139.9340406,,,店舗内,(047)374-7004,,,,,,,,,,,,,https://www.city.ichikawa.lg.jp/pub01/0000458290.html,,,,,,
122033,,市川市,ファミリーマート市川大野町四丁目店,ﾌｧﾐﾘｰﾏｰﾄｲﾁｶﾜｵｵﾉﾖﾝﾁｮｳﾒﾃﾝ,,,,千葉県市川市大野町4丁目2475-1,千葉県,市川市,大野町4丁目,Jan-75,,35.75484613,139.9705396,,,店舗内,(047)337-3939,,,,,,,,,,,,,https://www.city.ichikawa.lg.jp/pub01/0000458290.html,,,,,,
122033,,市川市,ファミリーマート市川南大野店,ﾌｧﾐﾘｰﾏｰﾄｲﾁｶﾜﾐﾅﾐｵｵﾉﾃﾝ,,,,千葉県市川市南大野1丁目40,千葉県,市川市,南大野1丁目,40,,35.74336919,139.9514611,,,店舗内,(047)303-7225,,,,,,,,,,,,,https://www.city.ichikawa.lg.jp/pub01/0000458290.html,,,,,,
122033,,市川市,ファミリーマート市川駅南口店,ﾌｧﾐﾘｰﾏｰﾄｲﾁｶﾜｴｷﾐﾅﾐｸﾞﾁﾃﾝ,,,,千葉県市川市市川南1丁目10-1-213,千葉県,市川市,市川南1丁目,10-1-213,,35.72887677,139.9071235,,,店舗内,(047)325-7137,,,,,,,,,,,,,https://www.city.ichikawa.lg.jp/pub01/0000458290.html,,,,,,
122033,,市川市,ファミリーマート市川欠真間店,ﾌｧﾐﾘｰﾏｰﾄｲﾁｶﾜｶｹﾏﾏﾃﾝ,,,,千葉県市川市欠真間1丁目4-10,千葉県,市川市,欠真間1丁目,4月10日,,35.67909668,139.9021153,,,店舗内,(047)701-4700,,,,,,,,,,,,,https://www.city.ichikawa.lg.jp/pub01/0000458290.html,,,,,,
122033,,市川市,ファミリーマート市川北インター東店,ﾌｧﾐﾘｰﾏｰﾄｲﾁｶﾜｷﾀｲﾝﾀｰﾋｶﾞｼﾃﾝ,,,,千葉県市川市東国分2丁目2-1,千葉県,市川市,東国分2丁目,2月1日,,35.74474353,139.9222438,,,店舗内,(047)300-5051,,,,,,,,,,,,,https://www.city.ichikawa.lg.jp/pub01/0000458290.html,,,,,,
122033,,市川市,ファミリーマート市川駅北店,ﾌｧﾐﾘｰﾏｰﾄｲﾁｶﾜｴｷｷﾀﾃﾝ,,,,千葉県市川市市川1丁目13-32,千葉県,市川市,市川1丁目,13-32,,35.73151939,139.9082068,,,店舗内,(047)325-5415,,,,,,,,,,,,,https://www.city.ichikawa.lg.jp/pub01/0000458290.html,,,,,,
122033,,市川市,ファミリーマート市川真間店,ﾌｧﾐﾘｰﾏｰﾄｲﾁｶﾜﾏﾏﾃﾝ,,,,千葉県市川市真間1丁目12-4,千葉県,市川市,真間1丁目,12月4日,,35.73228008,139.9108209,,,店舗内,(047)325-7461,,,,,,,,,,,,,https://www.city.ichikawa.lg.jp/pub01/0000458290.html,,,,,,
122033,,市川市,ファミリーマート市川妙典駅店,ﾌｧﾐﾘｰﾏｰﾄｲﾁｶﾜﾐｮｳﾃﾞﾝｴｷﾃﾝ,,,,千葉県市川市富浜1丁目2-10,千葉県,市川市,富浜1丁目,2月10日,,35.69172977,139.9250528,,,店舗内,(047)307-1270,,,,,,,,,,,,,https://www.city.ichikawa.lg.jp/pub01/0000458290.html,,,,,,
122033,,市川市,ローソン南行徳駅北口店,ﾛｰｿﾝﾐﾅﾐｷﾞｮｳﾄｸｴｷｷﾀｸﾞﾁﾃﾝ,,,,千葉県市川市相之川4丁目6-18,千葉県,市川市,相之川4丁目,6月18日,,35.67341844,139.9015002,,,店舗内,(047)395-2112,,,,,,,,,,,,,https://www.city.ichikawa.lg.jp/pub01/0000458290.html,,,,,,
122033,,市川市,ローソン市川塩浜店,ﾛｰｿﾝｲﾁｶﾜｼｵﾊﾏﾃﾝ,,,,千葉県市川市塩浜4丁目2-3-102,千葉県,市川市,塩浜4丁目,2-3-102,,35.66200063,139.9136658,,,店舗内,(047)303-3454,,,,,,,,,,,,,https://www.city.ichikawa.lg.jp/pub01/0000458290.html,,,,,,
122033,,市川市,ローソン妙典南口店,ﾛｰｿﾝﾐｮｳﾃﾞﾝﾐﾅﾐｸﾞﾁﾃﾝ,,,,千葉県市川市妙典4丁目9-32,千葉県,市川市,妙典4丁目,9-32,,35.69192563,139.9279523,,,店舗内,(047)315-7590,,,,,,,,,,,,,https://www.city.ichikawa.lg.jp/pub01/0000458290.html,,,,,,
122033,,市川市,ローソン行徳駅前二丁目店,ﾛｰｿﾝｷﾞｮｳﾄｸｴｷﾏｴﾆﾁｮｳﾒﾃﾝ,,,,千葉県市川市行徳駅前2丁目22-10,千葉県,市川市,行徳駅前2丁目,10月22日,,35.68199825,139.9119968,,,店舗内,(047)329-2300,,,,,,,,,,,,,https://www.city.ichikawa.lg.jp/pub01/0000458290.html,,,,,,
122033,,市川市,ローソン市川福栄三丁目店,ﾛｰｿﾝｲﾁｶﾜﾌｸｴｲｻﾝﾁｮｳﾒﾃﾝ,,,,千葉県市川市福栄3丁目5-14,千葉県,市川市,福栄3丁目,5月14日,,35.67436577,139.9087034,,,店舗内,(047)312-6337,,,,,,,,,,,,,https://www.city.ichikawa.lg.jp/pub01/0000458290.html,,,,,,
122033,,市川市,ローソン市川南行徳一丁目店,ﾛｰｿﾝｲﾁｶﾜﾐﾅﾐｷﾞｮｳﾄｸｲｯﾁｮｳﾒﾃﾝ,,,,千葉県市川市南行徳1丁目19-5,千葉県,市川市,南行徳1丁目,5月19日,,35.67114966,139.9024132,,,店舗内,(047)303-3114,,,,,,,,,,,,,https://www.city.ichikawa.lg.jp/pub01/0000458290.html,,,,,,
122033,,市川市,ローソン市川東大和田ＴＤＫ前店,ﾛｰｿﾝｲﾁｶﾜﾋｶﾞｼｵｵﾜﾀﾞﾃｨｰﾃﾞｨｰｹｰﾏｴﾃﾝ,,,,千葉県市川市東大和田2丁目15-10,千葉県,市川市,東大和田2丁目,10月15日,,35.71577667,139.9214978,,,店舗内,(047)379-4139,,,,,,,,,,,,,https://www.city.ichikawa.lg.jp/pub01/0000458290.html,,,,,,
122033,,市川市,ローソン市川塩浜駅前店,ﾛｰｿﾝｲﾁｶﾜｼｵﾊﾏｴｷﾏｴﾃﾝ,,,,千葉県市川市塩浜2丁目3-10,千葉県,市川市,塩浜2丁目,3月10日,,35.66657492,139.9238395,,,店舗内,(047)306-9551,,,,,,,,,,,,,https://www.city.ichikawa.lg.jp/pub01/0000458290.html,,,,,,
122033,,市川市,ローソンストア100市川欠真間店,ﾛｰｿﾝｽﾄｱﾋｬｸｲﾁｶﾜｶｹﾏﾏﾃﾝ,,,,千葉県市川市欠真間1丁目3-8 ｻﾝﾎﾜｲﾄ行徳,千葉県,市川市,欠真間1丁目,3月8日,ｻﾝﾎﾜｲﾄ行徳,35.67948869,139.9033144,,,店舗内,(047)306-8599,,,,,,,,,,,,,https://www.city.ichikawa.lg.jp/pub01/0000458290.html,,,,,,
122033,,市川市,ローソンストア100市川大野駅前店,ﾛｰｿﾝｽﾄｱﾋｬｸｲﾁｶﾜｵｵﾉｴｷﾏｴﾃﾝ,,,,千葉県市川市大野町2丁目1421-4,千葉県,市川市,大野町2丁目,1421-4,,35.75441222,139.9520489,,,店舗内,(047)303-5699,,,,,,,,,,,,,https://www.city.ichikawa.lg.jp/pub01/0000458290.html,,,,,,
122033,,市川市,ローソンストア100市川南三丁目店,ﾛｰｿﾝｽﾄｱﾋｬｸｲﾁｶﾜﾐﾅﾐｻﾝﾁｮｳﾒﾃﾝ,,,,千葉県市川市市川南3丁目1-20ｼﾃｨｺｱ･ﾌﾄﾞｳ市川,千葉県,市川市,市川南3丁目,1月20日,ｼﾃｨｺｱ･ﾌﾄﾞｳ市川,35.72925347,139.9047676,,,店舗内,(047)329-3499,,,,,,,,,,,,,https://www.city.ichikawa.lg.jp/pub01/0000458290.html,,,,,,
122033,,市川市,デイリーヤマザキ本八幡駅南口店,ﾃﾞｲﾘｰﾔﾏｻﾞｷﾓﾄﾔﾜﾀｴｷﾐﾅﾐｸﾞﾁﾃﾝ,,,,千葉県市川市南八幡4丁目2-3,千葉県,市川市,南八幡4丁目,2月3日,,35.72070144,139.9267807,,,店舗内,(047)376-1300,,,,,,,,,,,,,https://www.city.ichikawa.lg.jp/pub01/0000458290.html,,,,,,
122033,,市川市,デイリーヤマザキ大洲二丁目店,ﾃﾞｲﾘｰﾔﾏｻﾞｷｵｵｽﾆﾁｮｳﾒﾃﾝ,,,,千葉県市川市大洲2丁目1-16,千葉県,市川市,大洲2丁目,1月16日,,35.71587284,139.9132536,,,店舗内,(047)370-4333,,,,,,,,,,,,,https://www.city.ichikawa.lg.jp/pub01/0000458290.html,,,,,,
122033,,市川市,デイリーヤマザキアクティオーレ市川店,ﾃﾞｲﾘｰﾔﾏｻﾞｷｱｸﾃｨｵｰﾚｲﾁｶﾜﾃﾝ,,,,千葉県市川市市川1丁目4-17,千葉県,市川市,市川1丁目,4月17日,,35.7292024,139.9090927,,,店舗内,(047)326-8211,,,,,,,,,,,,,https://www.city.ichikawa.lg.jp/pub01/0000458290.html,,,,,,
122033,,市川市,デイリーヤマザキ市川駅前店,ﾃﾞｲﾘｰﾔﾏｻﾞｷｲﾁｶﾜｴｷﾏｴﾃﾝ,,,,千葉県市川市市川1丁目7-7,千葉県,市川市,市川1丁目,7月7日,,35.72970461,139.9082063,,,店舗内,(047)324-6517,,,,,,,,,,,,,https://www.city.ichikawa.lg.jp/pub01/0000458290.html,,,,,,
122033,,市川市,ニューヤマザキデイリーストア市川一丁目店,ﾆｭｰﾔﾏｻﾞｷﾃﾞｲﾘｰｽﾄｱｲﾁｶﾜｲｯﾁｮｳﾒﾃﾝ,,,,千葉県市川市市川1丁目8-11,千葉県,市川市,市川1丁目,8月11日,,35.73010425,139.9069479,,,店舗内,(047)324-2611,,,,,,,,,,,,,https://www.city.ichikawa.lg.jp/pub01/0000458290.html,,,,,,
122033,,市川市,デイリーヤマザキ大門通り店,ﾃﾞｲﾘｰﾔﾏｻﾞｷﾀﾞｲﾓﾝﾄﾞｵﾘﾃﾝ,,,,千葉県市川市市川1丁目13-15,千葉県,市川市,市川1丁目,13-15,,35.73197477,139.9070461,,,店舗内,(047)322-2303,,,,,,,,,,,,,https://www.city.ichikawa.lg.jp/pub01/0000458290.html,,,,,,
122033,,市川市,デイリーヤマザキ市川下貝塚三丁目店,ﾃﾞｲﾘｰﾔﾏｻﾞｷｲﾁｶﾜｼﾓｶｲﾂﾞｶｻﾝﾁｮｳﾒﾃﾝ,,,,千葉県市川市下貝塚3丁目18-18,千葉県,市川市,下貝塚3丁目,18-18,,35.74105226,139.9481372,,,店舗内,(047)372-7722,,,,,,,,,,,,,https://www.city.ichikawa.lg.jp/pub01/0000458290.html,,,,,,
122033,,市川市,デイリーヤマザキ市川南三丁目店,ﾃﾞｲﾘｰﾔﾏｻﾞｷｲﾁｶﾜﾐﾅﾐｻﾝﾁｮｳﾒﾃﾝ,,,,千葉県市川市市川南3丁目14-33,千葉県,市川市,市川南3丁目,14-33,,35.7307375,139.9016389,,,店舗内,(047)322-7825,,,,,,,,,,,,,https://www.city.ichikawa.lg.jp/pub01/0000458290.html,,,,,,
122033,,市川市,デイリーヤマザキ市川国府台店,ﾃﾞｲﾘｰﾔﾏｻﾞｷｲﾁｶﾜｺｳﾉﾀﾞｲﾃﾝ,,,,千葉県市川市市川4丁目4-17,千葉県,市川市,市川4丁目,4月17日,,35.7399105,139.9037252,,,店舗内,(047)375-3050,,,,,,,,,,,,,https://www.city.ichikawa.lg.jp/pub01/0000458290.html,,,,,,
122033,,市川市,デイリーヤマザキ市川二俣新町店,ﾃﾞｲﾘｰﾔﾏｻﾞｷｲﾁｶﾜﾌﾀﾏﾀｼﾝﾏﾁﾃﾝ,,,,千葉県市川市二俣678-67,千葉県,市川市,二俣,678-67,,35.69482324,139.9561246,,,店舗内,(047)327-0660,,,,,,,,,,,,,https://www.city.ichikawa.lg.jp/pub01/0000458290.html,,,,,,
122033,,市川市,デイリーヤマザキ市川大野駅前店,ﾃﾞｲﾘｰﾔﾏｻﾞｷｲﾁｶﾜｵｵﾉｴｷﾏｴﾃﾝ,,,,千葉県市川市大野町3丁目105,千葉県,市川市,大野町3丁目,105,,35.75459227,139.9515046,,,店舗内,(047)338-5351,,,,,,,,,,,,,https://www.city.ichikawa.lg.jp/pub01/0000458290.html,,,,,,
122033,,市川市,デイリーヤマザキ市川二俣新町駅前店,ﾃﾞｲﾘｰﾔﾏｻﾞｷｲﾁｶﾜﾌﾀﾏﾀｼﾝﾏﾁｴｷﾏｴﾃﾝ,,,,千葉県市川市二俣新町3丁目4,千葉県,市川市,二俣新町3丁目,4,,35.69165089,139.9598491,,,店舗内,(047)328-5355,,,,,,,,,,,,,https://www.city.ichikawa.lg.jp/pub01/0000458290.html,,,,,,
122033,,市川市,ミニストップ市川若宮店,ﾐﾆｽﾄｯﾌﾟｲﾁｶﾜﾜｶﾐﾔﾃﾝ,,,,千葉県市川市若宮3丁目54?4,千葉県,市川市,若宮3丁目,54?4,,35.72599498,139.9516794,,,店舗内,(047)338-7362,,,,,,,,,,,,,https://www.city.ichikawa.lg.jp/pub01/0000458290.html,,,,,,
122033,,市川市,セブンイレブンかけまま店,ｾﾌﾞﾝｲﾚﾌﾞﾝｶｹﾏﾏﾃﾝ,,,,千葉県市川市欠真間2丁目18-23,千葉県,市川市,欠真間2丁目,18-23,,35.67916126,139.9034241,,,店舗内,(047)359-0961,,,,,,,,,,,,,https://www.city.ichikawa.lg.jp/pub01/0000458290.html,,,,,,
122033,,市川市,セブンイレブン市川南行徳駅前店,ｾﾌﾞﾝｲﾚﾌﾞﾝｲﾁｶﾜﾐﾅﾐｷﾞｮｳﾄｸｴｷﾏｴﾃﾝ,,,,千葉県市川市南行徳1丁目20-13,千葉県,市川市,南行徳1丁目,20-13,,35.67196391,139.9018617,,,店舗内,(047)397-0308,,,,,,,,,,,,,https://www.city.ichikawa.lg.jp/pub01/0000458290.html,,,,,,
122033,,市川市,ミニストップ市川東高校前店,ﾐﾆｽﾄｯﾌﾟｲﾁｶﾜﾋｶﾞｼｺｳｺｳﾏｴﾃﾝ,,,,千葉県市川市北方町4丁目2159-1,千葉県,市川市,北方町4丁目,Jan-59,,35.73560097,139.9576662,,,店舗内,(047)303-0026,,,,,,,,,,,,,https://www.city.ichikawa.lg.jp/pub01/0000458290.html,,,,,,
122033,,市川市,ミニストップ市川富浜店,ﾐﾆｽﾄｯﾌﾟｲﾁｶﾜﾄﾐﾊﾏﾃﾝ,,,,千葉県市川市富浜2丁目17-8,千葉県,市川市,富浜2丁目,8月17日,,35.68719334,139.9241055,,,店舗内,(047)307-0550,,,,,,,,,,,,,https://www.city.ichikawa.lg.jp/pub01/0000458290.html,,,,,,
122033,,市川市,ミニストップ行徳駅前一丁目店,ﾐﾆｽﾄｯﾌﾟｷﾞｮｳﾄｸｴｷﾏｴｲｯﾁｮｳﾒﾃﾝ,,,,千葉県市川市行徳駅前1丁目11-1,千葉県,市川市,行徳駅前1丁目,11月1日,,35.68220722,139.9178092,,,店舗内,(047)395-5880,,,,,,,,,,,,,https://www.city.ichikawa.lg.jp/pub01/0000458290.html,,,,,,
122033,,市川市,ミニストップ東菅野二丁目店,ﾐﾆｽﾄｯﾌﾟﾋｶﾞｼｽｶﾞﾉﾆﾁｮｳﾒﾃﾝ,,,,千葉県市川市東菅野2丁目13-21,千葉県,市川市,東菅野2丁目,13-21,,35.733151,139.9284422,,,店舗内,(047)324-1930,,,,,,,,,,,,,https://www.city.ichikawa.lg.jp/pub01/0000458290.html,,,,,,
122033,,市川市,ローソン市川新田三丁目南店,ﾛｰｿﾝｲﾁｶﾜｼﾝﾃﾞﾝｻﾝﾁｮｳﾒﾐﾅﾐﾃﾝ,,,,千葉県市川市新田3丁目27-7,千葉県,市川市,新田3丁目,7月27日,,35.72257886,139.9100461,,,店舗内,(047)329-2766,,,,,,,,,,,,,https://www.city.ichikawa.lg.jp/pub01/0000458290.html,,,,,,
122033,,市川市,ローソンストア100市川南八幡三丁目店,ﾛｰｿﾝｽﾄｱﾋｬｸｲﾁｶﾜﾐﾅﾐﾔﾜﾀｻﾝﾁｮｳﾒﾃﾝ,,,,千葉県市川市南八幡3丁目23-20,千葉県,市川市,南八幡3丁目,23-20,,35.716565,129.925207,,,店舗内,(047)378-7785,,,,,,,,,,,,,https://www.city.ichikawa.lg.jp/pub01/0000458290.html,,,,,,
122033,,市川市,ローソン市川行徳橋店,ﾛｰｿﾝｲﾁｶﾜｷﾞｮｳﾄｸﾊﾞｼﾃﾝ,,,,千葉県市川市河原7-17,千葉県,市川市,河原,7-1,,35.699533,139.921538,,,店舗内,(047)356-6702,,,,,,,,,,,,,https://www.city.ichikawa.lg.jp/pub01/0000458290.html,,,,,,
122033,,市川市,ローソン市川大野店,ﾛｰｿﾝｲﾁｶﾜｵｵﾉﾃﾝ,,,,千葉県市川市大野町2丁目565-1,千葉県,市川市,大野町2丁目,565-1,,35.751752,139.946662,,,店舗内,(047)303-1710,,,,,,,,,,,,,https://www.city.ichikawa.lg.jp/pub01/0000458290.html,,,,,,
122033,,市川市,ローソン国府台駅前店,ﾛｰｿﾝｺｳﾉﾀﾞｲｴｷﾏｴﾃﾝ,,,,千葉県市川市市川3丁目26-13-101,千葉県,市川市,市川3丁目,26-13-101,,35.736681,139.902397,,,店舗内,(047)312-6800,,,,,,,,,,,,,https://www.city.ichikawa.lg.jp/pub01/0000458290.html,,,,,,
122033,,市川市,ローソン市川東菅野五丁目店,ﾛｰｿﾝｲﾁｶﾜﾋｶﾞｼｽｶﾞﾉｺﾞﾁｮｳﾒﾃﾝ,,,,千葉県市川市東菅野5丁目22-17,千葉県,市川市,東菅野5丁目,22-17,,35.736843,139.949994,,,店舗内,(047)338-0667,,,,,,,,,,,,,https://www.city.ichikawa.lg.jp/pub01/0000458290.html,,,,,,
